a,v,0.000000,0.100000
a,v,0.201845,0.100500
a,v,0.393062,0.101000
a,v,0.574218,0.101500
a,v,0.745845,0.102000
a,v,0.908445,0.102500
a,v,1.062493,0.103000
a,v,1.208434,0.103500
a,v,1.346691,0.104000
a,v,1.477661,0.104500
a,v,1.601719,0.105000
a,v,1.719221,0.105500
a,v,1.830501,0.106000
a,v,1.935876,0.106500
a,v,2.035645,0.107000
a,v,2.130092,0.107500
a,v,2.219484,0.108000
a,v,2.304074,0.108500
a,v,2.384102,0.109000
a,v,2.459796,0.109500
a,v,2.531369,0.110000
a,v,2.599026,0.110500
a,v,2.662959,0.111000
a,v,2.723352,0.111500
a,v,2.780378,0.112000
a,v,2.834200,0.112500
a,v,2.884975,0.113000
a,v,2.932851,0.113500
a,v,2.977968,0.114000
a,v,3.020460,0.114500
a,v,3.060452,0.115000
a,v,3.098065,0.115500
a,v,3.133412,0.116000
a,v,3.166604,0.116500
a,v,3.197741,0.117000
a,v,3.226923,0.117500
a,v,3.254242,0.118000
a,v,3.279787,0.118500
a,v,3.303642,0.119000
a,v,3.325886,0.119500
a,v,3.346598,0.120000
a,v,3.365847,0.120500
a,v,3.383705,0.121000
a,v,3.400236,0.121500
a,v,3.415503,0.122000
a,v,3.429566,0.122500
a,v,3.442481,0.123000
a,v,3.454303,0.123500
a,v,3.465083,0.124000
a,v,3.474869,0.124500
a,v,3.483710,0.125000
a,v,3.491649,0.125500
a,v,3.498730,0.126000
a,v,3.504992,0.126500
a,v,3.510475,0.127000
a,v,3.515215,0.127500
a,v,3.519247,0.128000
a,v,3.522606,0.128500
a,v,3.525323,0.129000
a,v,3.527429,0.129500
a,v,3.528953,0.130000
a,v,3.529923,0.130500
a,v,3.530366,0.131000
a,v,3.530307,0.131500
a,v,3.529770,0.132000
a,v,3.528779,0.132500
a,v,3.527356,0.133000
a,v,3.525522,0.133500
a,v,3.523297,0.134000
a,v,3.520701,0.134500
a,v,3.517751,0.135000
a,v,3.514467,0.135500
a,v,3.510864,0.136000
a,v,3.506958,0.136500
a,v,3.502766,0.137000
a,v,3.498302,0.137500
a,v,3.493580,0.138000
a,v,3.488613,0.138500
a,v,3.483415,0.139000
a,v,3.477998,0.139500
a,v,3.472373,0.140000
a,v,3.466551,0.140500
a,v,3.460544,0.141000
a,v,3.454363,0.141500
a,v,3.448015,0.142000
a,v,3.441513,0.142500
a,v,3.434863,0.143000
a,v,3.428075,0.143500
a,v,3.421157,0.144000
a,v,3.414117,0.144500
a,v,3.406963,0.145000
a,v,3.399701,0.145500
a,v,3.392339,0.146000
a,v,3.384883,0.146500
a,v,3.377340,0.147000
a,v,3.369716,0.147500
a,v,3.362016,0.148000
a,v,3.354246,0.148500
a,v,3.346411,0.149000
a,v,3.338517,0.149500
a,v,3.330568,0.150000
a,v,3.322568,0.150500
a,v,3.314523,0.151000
a,v,3.306436,0.151500
a,v,3.298312,0.152000
a,v,3.290155,0.152500
a,v,3.281967,0.153000
a,v,3.273753,0.153500
a,v,3.265516,0.154000
a,v,3.257259,0.154500
a,v,3.248985,0.155000
a,v,3.240698,0.155500
a,v,3.232400,0.156000
a,v,3.224093,0.156500
a,v,3.215781,0.157000
a,v,3.207466,0.157500
a,v,3.199149,0.158000
a,v,3.190834,0.158500
a,v,3.182523,0.159000
a,v,3.174217,0.159500
a,v,3.165918,0.160000
a,v,3.157629,0.160500
a,v,3.149351,0.161000
a,v,3.141085,0.161500
a,v,3.132834,0.162000
a,v,3.124599,0.162500
a,v,3.116380,0.163000
a,v,3.108181,0.163500
a,v,3.100001,0.164000
a,v,3.091843,0.164500
a,v,3.083707,0.165000
a,v,3.075594,0.165500
a,v,3.067506,0.166000
a,v,3.059444,0.166500
a,v,3.051408,0.167000
a,v,3.043400,0.167500
a,v,3.035419,0.168000
a,v,3.027468,0.168500
a,v,3.019547,0.169000
a,v,3.011656,0.169500
a,v,3.003797,0.170000
a,v,2.995969,0.170500
a,v,2.988174,0.171000
a,v,2.980413,0.171500
a,v,2.972684,0.172000
a,v,2.964990,0.172500
a,v,2.957330,0.173000
a,v,2.949706,0.173500
a,v,2.942117,0.174000
a,v,2.934564,0.174500
a,v,2.927046,0.175000
a,v,2.919566,0.175500
a,v,2.912122,0.176000
a,v,2.904715,0.176500
a,v,2.897346,0.177000
a,v,2.890014,0.177500
a,v,2.882720,0.178000
a,v,2.875464,0.178500
a,v,2.868246,0.179000
a,v,2.861067,0.179500
a,v,2.853926,0.180000
a,v,2.846824,0.180500
a,v,2.839760,0.181000
a,v,2.832735,0.181500
a,v,2.825749,0.182000
a,v,2.818802,0.182500
a,v,2.811894,0.183000
a,v,2.805025,0.183500
a,v,2.798195,0.184000
a,v,2.791403,0.184500
a,v,2.784652,0.185000
a,v,2.777939,0.185500
a,v,2.771265,0.186000
a,v,2.764630,0.186500
a,v,2.758034,0.187000
a,v,2.751477,0.187500
a,v,2.744959,0.188000
a,v,2.738479,0.188500
a,v,2.732039,0.189000
a,v,2.725637,0.189500
a,v,2.719273,0.190000
a,v,2.712948,0.190500
a,v,2.706661,0.191000
a,v,2.700413,0.191500
a,v,2.694203,0.192000
a,v,2.688030,0.192500
a,v,2.681896,0.193000
a,v,2.675799,0.193500
a,v,2.669740,0.194000
a,v,2.663719,0.194500
a,v,2.657735,0.195000
a,v,2.651788,0.195500
a,v,2.645878,0.196000
a,v,2.640005,0.196500
a,v,2.634169,0.197000
a,v,2.628369,0.197500
a,v,2.622606,0.198000
a,v,2.616879,0.198500
a,v,2.611188,0.199000
a,v,2.605533,0.199500
a,v,2.599914,0.200000
a,v,2.594330,0.200500
a,v,2.588782,0.201000
a,v,2.583269,0.201500
a,v,2.577791,0.202000
a,v,2.572348,0.202500
a,v,2.566940,0.203000
a,v,2.561566,0.203500
a,v,2.556226,0.204000
a,v,2.550921,0.204500
a,v,2.545649,0.205000
a,v,2.540411,0.205500
a,v,2.535207,0.206000
a,v,2.530036,0.206500
a,v,2.524898,0.207000
a,v,2.519793,0.207500
a,v,2.514721,0.208000
a,v,2.509682,0.208500
a,v,2.504675,0.209000
a,v,2.499700,0.209500
a,v,2.494757,0.210000
a,v,2.489846,0.210500
a,v,2.484967,0.211000
a,v,2.480119,0.211500
a,v,2.475302,0.212000
a,v,2.470516,0.212500
a,v,2.465761,0.213000
a,v,2.461037,0.213500
a,v,2.456343,0.214000
a,v,2.451680,0.214500
a,v,2.447046,0.215000
a,v,2.442443,0.215500
a,v,2.437869,0.216000
a,v,2.433324,0.216500
a,v,2.428809,0.217000
a,v,2.424323,0.217500
a,v,2.419866,0.218000
a,v,2.415438,0.218500
a,v,2.411038,0.219000
a,v,2.406666,0.219500
a,v,2.402323,0.220000
a,v,2.398007,0.220500
a,v,2.393720,0.221000
a,v,2.389460,0.221500
a,v,2.385227,0.222000
a,v,2.381022,0.222500
a,v,2.376843,0.223000
a,v,2.372692,0.223500
a,v,2.368567,0.224000
a,v,2.364469,0.224500
a,v,2.360397,0.225000
a,v,2.356351,0.225500
a,v,2.352331,0.226000
a,v,2.348337,0.226500
a,v,2.344369,0.227000
a,v,2.340426,0.227500
a,v,2.336508,0.228000
a,v,2.332615,0.228500
a,v,2.328748,0.229000
a,v,2.324905,0.229500
a,v,2.321086,0.230000
a,v,2.317292,0.230500
a,v,2.313523,0.231000
a,v,2.309777,0.231500
a,v,2.306055,0.232000
a,v,2.302357,0.232500
a,v,2.298683,0.233000
a,v,2.295031,0.233500
a,v,2.291404,0.234000
a,v,2.287799,0.234500
a,v,2.284217,0.235000
a,v,2.280658,0.235500
a,v,2.277122,0.236000
a,v,2.273608,0.236500
a,v,2.270116,0.237000
a,v,2.266646,0.237500
a,v,2.263199,0.238000
a,v,2.259773,0.238500
a,v,2.256369,0.239000
a,v,2.252987,0.239500
a,v,2.249626,0.240000
a,v,2.246286,0.240500
a,v,2.242967,0.241000
a,v,2.239669,0.241500
a,v,2.236392,0.242000
a,v,2.233136,0.242500
a,v,2.229900,0.243000
a,v,2.226684,0.243500
a,v,2.223489,0.244000
a,v,2.220313,0.244500
a,v,2.217158,0.245000
a,v,2.214023,0.245500
a,v,2.210907,0.246000
a,v,2.207810,0.246500
a,v,2.204733,0.247000
a,v,2.201676,0.247500
a,v,2.198637,0.248000
a,v,2.195618,0.248500
a,v,2.192617,0.249000
a,v,2.189635,0.249500
a,v,2.186672,0.250000
a,v,2.183727,0.250500
a,v,2.180800,0.251000
a,v,2.177892,0.251500
a,v,2.175001,0.252000
a,v,2.172129,0.252500
a,v,2.169275,0.253000
a,v,2.166438,0.253500
a,v,2.163619,0.254000
a,v,2.160817,0.254500
a,v,2.158032,0.255000
a,v,2.155265,0.255500
a,v,2.152515,0.256000
a,v,2.149782,0.256500
a,v,2.147066,0.257000
a,v,2.144367,0.257500
a,v,2.141684,0.258000
a,v,2.139018,0.258500
a,v,2.136368,0.259000
a,v,2.133735,0.259500
a,v,2.131117,0.260000
a,v,2.128516,0.260500
a,v,2.125931,0.261000
a,v,2.123362,0.261500
a,v,2.120808,0.262000
a,v,2.118270,0.262500
a,v,2.115748,0.263000
a,v,2.113241,0.263500
a,v,2.110749,0.264000
a,v,2.108273,0.264500
a,v,2.105812,0.265000
a,v,2.103365,0.265500
a,v,2.100934,0.266000
a,v,2.098518,0.266500
a,v,2.096116,0.267000
a,v,2.093729,0.267500
a,v,2.091356,0.268000
a,v,2.088998,0.268500
a,v,2.086654,0.269000
a,v,2.084325,0.269500
a,v,2.082009,0.270000
a,v,2.079708,0.270500
a,v,2.077421,0.271000
a,v,2.075147,0.271500
a,v,2.072887,0.272000
a,v,2.070641,0.272500
a,v,2.068408,0.273000
a,v,2.066189,0.273500
a,v,2.063984,0.274000
a,v,2.061791,0.274500
a,v,2.059612,0.275000
a,v,2.057446,0.275500
a,v,2.055293,0.276000
a,v,2.053153,0.276500
a,v,2.051026,0.277000
a,v,2.048912,0.277500
a,v,2.046811,0.278000
a,v,2.044722,0.278500
a,v,2.042645,0.279000
a,v,2.040581,0.279500
a,v,2.038530,0.280000
a,v,2.036491,0.280500
a,v,2.034464,0.281000
a,v,2.032449,0.281500
a,v,2.030446,0.282000
a,v,2.028455,0.282500
a,v,2.026476,0.283000
a,v,2.024509,0.283500
a,v,2.022554,0.284000
a,v,2.020610,0.284500
a,v,2.018678,0.285000
a,v,2.016757,0.285500
a,v,2.014848,0.286000
a,v,2.012951,0.286500
a,v,2.011064,0.287000
a,v,2.009189,0.287500
a,v,2.007325,0.288000
a,v,2.005472,0.288500
a,v,2.003630,0.289000
a,v,2.001799,0.289500
a,v,1.999979,0.290000
a,v,1.998170,0.290500
a,v,1.996371,0.291000
a,v,1.994584,0.291500
a,v,1.992806,0.292000
a,v,1.991040,0.292500
a,v,1.989283,0.293000
a,v,1.987538,0.293500
a,v,1.985802,0.294000
a,v,1.984077,0.294500
a,v,1.982362,0.295000
a,v,1.980657,0.295500
a,v,1.978962,0.296000
a,v,1.977277,0.296500
a,v,1.975603,0.297000
a,v,1.973938,0.297500
a,v,1.972283,0.298000
a,v,1.970637,0.298500
a,v,1.969002,0.299000
a,v,1.967376,0.299500
a,v,1.965759,0.300000
a,v,1.964153,0.300500
a,v,1.962555,0.301000
a,v,1.960967,0.301500
a,v,1.959389,0.302000
a,v,1.957819,0.302500
a,v,1.956259,0.303000
a,v,1.954708,0.303500
a,v,1.953167,0.304000
a,v,1.951634,0.304500
a,v,1.950110,0.305000
a,v,1.948596,0.305500
a,v,1.947090,0.306000
a,v,1.945593,0.306500
a,v,1.944105,0.307000
a,v,1.942625,0.307500
a,v,1.941155,0.308000
a,v,1.939693,0.308500
a,v,1.938239,0.309000
a,v,1.936794,0.309500
a,v,1.935358,0.310000
a,v,1.933930,0.310500
a,v,1.932510,0.311000
a,v,1.931099,0.311500
a,v,1.929696,0.312000
a,v,1.928301,0.312500
a,v,1.926914,0.313000
a,v,1.925536,0.313500
a,v,1.924165,0.314000
a,v,1.922803,0.314500
a,v,1.921449,0.315000
a,v,1.920102,0.315500
a,v,1.918764,0.316000
a,v,1.917433,0.316500
a,v,1.916110,0.317000
a,v,1.914795,0.317500
a,v,1.913487,0.318000
a,v,1.912188,0.318500
a,v,1.910895,0.319000
a,v,1.909611,0.319500
a,v,1.908334,0.320000
a,v,1.907064,0.320500
a,v,1.905802,0.321000
a,v,1.904547,0.321500
a,v,1.903300,0.322000
a,v,1.902060,0.322500
a,v,1.900827,0.323000
a,v,1.899602,0.323500
a,v,1.898383,0.324000
a,v,1.897172,0.324500
a,v,1.895968,0.325000
a,v,1.894771,0.325500
a,v,1.893581,0.326000
a,v,1.892398,0.326500
a,v,1.891222,0.327000
a,v,1.890052,0.327500
a,v,1.888890,0.328000
a,v,1.887735,0.328500
a,v,1.886586,0.329000
a,v,1.885444,0.329500
a,v,1.884309,0.330000
a,v,1.883180,0.330500
a,v,1.882058,0.331000
a,v,1.880943,0.331500
a,v,1.879834,0.332000
a,v,1.878731,0.332500
a,v,1.877636,0.333000
a,v,1.876546,0.333500
a,v,1.875463,0.334000
a,v,1.874387,0.334500
a,v,1.873316,0.335000
a,v,1.872252,0.335500
a,v,1.871195,0.336000
a,v,1.870143,0.336500
a,v,1.869098,0.337000
a,v,1.868059,0.337500
a,v,1.867026,0.338000
a,v,1.865999,0.338500
a,v,1.864978,0.339000
a,v,1.863963,0.339500
a,v,1.862954,0.340000
a,v,1.861951,0.340500
a,v,1.860955,0.341000
a,v,1.859964,0.341500
a,v,1.858978,0.342000
a,v,1.857999,0.342500
a,v,1.857025,0.343000
a,v,1.856058,0.343500
a,v,1.855096,0.344000
a,v,1.854139,0.344500
a,v,1.853189,0.345000
a,v,1.852244,0.345500
a,v,1.851304,0.346000
a,v,1.850370,0.346500
a,v,1.849442,0.347000
a,v,1.848519,0.347500
a,v,1.847602,0.348000
a,v,1.846690,0.348500
a,v,1.845784,0.349000
a,v,1.844883,0.349500
a,v,1.843987,0.350000
a,v,1.843097,0.350500
a,v,1.842212,0.351000
a,v,1.841332,0.351500
a,v,1.840458,0.352000
a,v,1.839589,0.352500
a,v,1.838725,0.353000
a,v,1.837866,0.353500
a,v,1.837012,0.354000
a,v,1.836164,0.354500
a,v,1.835320,0.355000
a,v,1.834482,0.355500
a,v,1.833649,0.356000
a,v,1.832820,0.356500
a,v,1.831997,0.357000
a,v,1.831179,0.357500
a,v,1.830365,0.358000
a,v,1.829557,0.358500
a,v,1.828753,0.359000
a,v,1.827954,0.359500
a,v,1.827160,0.360000
a,v,1.826371,0.360500
a,v,1.825587,0.361000
a,v,1.824807,0.361500
a,v,1.824032,0.362000
a,v,1.823262,0.362500
a,v,1.822497,0.363000
a,v,1.821736,0.363500
a,v,1.820980,0.364000
a,v,1.820228,0.364500
a,v,1.819481,0.365000
a,v,1.818739,0.365500
a,v,1.818001,0.366000
a,v,1.817267,0.366500
a,v,1.816539,0.367000
a,v,1.815814,0.367500
a,v,1.815094,0.368000
a,v,1.814379,0.368500
a,v,1.813667,0.369000
a,v,1.812961,0.369500
a,v,1.812258,0.370000
a,v,1.811560,0.370500
a,v,1.810866,0.371000
a,v,1.810177,0.371500
a,v,1.809492,0.372000
a,v,1.808811,0.372500
a,v,1.808134,0.373000
a,v,1.807462,0.373500
a,v,1.806793,0.374000
a,v,1.806129,0.374500
a,v,1.805469,0.375000
a,v,1.804813,0.375500
a,v,1.804161,0.376000
a,v,1.803514,0.376500
a,v,1.802870,0.377000
a,v,1.802230,0.377500
a,v,1.801595,0.378000
a,v,1.800963,0.378500
a,v,1.800336,0.379000
a,v,1.799712,0.379500
a,v,1.799092,0.380000
a,v,1.798476,0.380500
a,v,1.797864,0.381000
a,v,1.797256,0.381500
a,v,1.796652,0.382000
a,v,1.796052,0.382500
a,v,1.795456,0.383000
a,v,1.794863,0.383500
a,v,1.794274,0.384000
a,v,1.793689,0.384500
a,v,1.793107,0.385000
a,v,1.792530,0.385500
a,v,1.791956,0.386000
a,v,1.791386,0.386500
a,v,1.790819,0.387000
a,v,1.790256,0.387500
a,v,1.789697,0.388000
a,v,1.789141,0.388500
a,v,1.788590,0.389000
a,v,1.788041,0.389500
a,v,1.787496,0.390000
a,v,1.786955,0.390500
a,v,1.786417,0.391000
a,v,1.785883,0.391500
a,v,1.785352,0.392000
a,v,1.784825,0.392500
a,v,1.784301,0.393000
a,v,1.783781,0.393500
a,v,1.783264,0.394000
a,v,1.782751,0.394500
a,v,1.782241,0.395000
a,v,1.781734,0.395500
a,v,1.781231,0.396000
a,v,1.780731,0.396500
a,v,1.780235,0.397000
a,v,1.779741,0.397500
a,v,1.779251,0.398000
a,v,1.778765,0.398500
a,v,1.778282,0.399000
a,v,1.777801,0.399500
a,v,1.777325,0.400000
a,v,1.776851,0.400500
a,v,1.776381,0.401000
a,v,1.775914,0.401500
a,v,1.775450,0.402000
a,v,1.774989,0.402500
a,v,1.774531,0.403000
a,v,1.774077,0.403500
a,v,1.773625,0.404000
a,v,1.773177,0.404500
a,v,1.772732,0.405000
a,v,1.772290,0.405500
a,v,1.771851,0.406000
a,v,1.771415,0.406500
a,v,1.770982,0.407000
a,v,1.770552,0.407500
a,v,1.770125,0.408000
a,v,1.769702,0.408500
a,v,1.769281,0.409000
a,v,1.768863,0.409500
a,v,1.768448,0.410000
a,v,1.768036,0.410500
a,v,1.767627,0.411000
a,v,1.767221,0.411500
a,v,1.766818,0.412000
a,v,1.766418,0.412500
a,v,1.766020,0.413000
a,v,1.765626,0.413500
a,v,1.765234,0.414000
a,v,1.764845,0.414500
a,v,1.764459,0.415000
a,v,1.764076,0.415500
a,v,1.763696,0.416000
a,v,1.763318,0.416500
a,v,1.762943,0.417000
a,v,1.762571,0.417500
a,v,1.762202,0.418000
a,v,1.761835,0.418500
a,v,1.761472,0.419000
a,v,1.761110,0.419500
a,v,1.760752,0.420000
a,v,1.760396,0.420500
a,v,1.760043,0.421000
a,v,1.759693,0.421500
a,v,1.759345,0.422000
a,v,1.759000,0.422500
a,v,1.758658,0.423000
a,v,1.758318,0.423500
a,v,1.757981,0.424000
a,v,1.757646,0.424500
a,v,1.757315,0.425000
a,v,1.756985,0.425500
a,v,1.756658,0.426000
a,v,1.756334,0.426500
a,v,1.756012,0.427000
a,v,1.755693,0.427500
a,v,1.755377,0.428000
a,v,1.755062,0.428500
a,v,1.754751,0.429000
a,v,1.754442,0.429500
a,v,1.754135,0.430000
a,v,1.753831,0.430500
a,v,1.753529,0.431000
a,v,1.753230,0.431500
a,v,1.752933,0.432000
a,v,1.752638,0.432500
a,v,1.752346,0.433000
a,v,1.752057,0.433500
a,v,1.751769,0.434000
a,v,1.751484,0.434500
a,v,1.751202,0.435000
a,v,1.750922,0.435500
a,v,1.750644,0.436000
a,v,1.750369,0.436500
a,v,1.750096,0.437000
a,v,1.749825,0.437500
a,v,1.749556,0.438000
a,v,1.749290,0.438500
a,v,1.749026,0.439000
a,v,1.748765,0.439500
a,v,1.748506,0.440000
a,v,1.748249,0.440500
a,v,1.747994,0.441000
a,v,1.747741,0.441500
a,v,1.747491,0.442000
a,v,1.747243,0.442500
a,v,1.746997,0.443000
a,v,1.746754,0.443500
a,v,1.746512,0.444000
a,v,1.746273,0.444500
a,v,1.746036,0.445000
a,v,1.745801,0.445500
a,v,1.745568,0.446000
a,v,1.745338,0.446500
a,v,1.745109,0.447000
a,v,1.744883,0.447500
a,v,1.744659,0.448000
a,v,1.744437,0.448500
a,v,1.744217,0.449000
a,v,1.743999,0.449500
a,v,1.743783,0.450000
a,v,1.743569,0.450500
a,v,1.743358,0.451000
a,v,1.743148,0.451500
a,v,1.742941,0.452000
a,v,1.742736,0.452500
a,v,1.742532,0.453000
a,v,1.742331,0.453500
a,v,1.742132,0.454000
a,v,1.741934,0.454500
a,v,1.741739,0.455000
a,v,1.741546,0.455500
a,v,1.741354,0.456000
a,v,1.741165,0.456500
a,v,1.740978,0.457000
a,v,1.740792,0.457500
a,v,1.740609,0.458000
a,v,1.740427,0.458500
a,v,1.740248,0.459000
a,v,1.740070,0.459500
a,v,1.739895,0.460000
a,v,1.739721,0.460500
a,v,1.739549,0.461000
a,v,1.739379,0.461500
a,v,1.739211,0.462000
a,v,1.739045,0.462500
a,v,1.738881,0.463000
a,v,1.738718,0.463500
a,v,1.738558,0.464000
a,v,1.738399,0.464500
a,v,1.738243,0.465000
a,v,1.738088,0.465500
a,v,1.737934,0.466000
a,v,1.737783,0.466500
a,v,1.737634,0.467000
a,v,1.737486,0.467500
a,v,1.737340,0.468000
a,v,1.737196,0.468500
a,v,1.737054,0.469000
a,v,1.736913,0.469500
a,v,1.736775,0.470000
a,v,1.736638,0.470500
a,v,1.736503,0.471000
a,v,1.736369,0.471500
a,v,1.736238,0.472000
a,v,1.736108,0.472500
a,v,1.735980,0.473000
a,v,1.735853,0.473500
a,v,1.735729,0.474000
a,v,1.735606,0.474500
a,v,1.735484,0.475000
a,v,1.735365,0.475500
a,v,1.735247,0.476000
a,v,1.735131,0.476500
a,v,1.735016,0.477000
a,v,1.734904,0.477500
a,v,1.734792,0.478000
a,v,1.734683,0.478500
a,v,1.734575,0.479000
a,v,1.734469,0.479500
a,v,1.734365,0.480000
a,v,1.734262,0.480500
a,v,1.734160,0.481000
a,v,1.734061,0.481500
a,v,1.733963,0.482000
a,v,1.733867,0.482500
a,v,1.733772,0.483000
a,v,1.733679,0.483500
a,v,1.733587,0.484000
a,v,1.733497,0.484500
a,v,1.733409,0.485000
a,v,1.733322,0.485500
a,v,1.733237,0.486000
a,v,1.733153,0.486500
a,v,1.733071,0.487000
a,v,1.732990,0.487500
a,v,1.732911,0.488000
a,v,1.732834,0.488500
a,v,1.732758,0.489000
a,v,1.732684,0.489500
a,v,1.732611,0.490000
a,v,1.732539,0.490500
a,v,1.732470,0.491000
a,v,1.732401,0.491500
a,v,1.732334,0.492000
a,v,1.732269,0.492500
a,v,1.732205,0.493000
a,v,1.732143,0.493500
a,v,1.732082,0.494000
a,v,1.732023,0.494500
a,v,1.731965,0.495000
a,v,1.731908,0.495500
a,v,1.731853,0.496000
a,v,1.731800,0.496500
a,v,1.731748,0.497000
a,v,1.731697,0.497500
a,v,1.731648,0.498000
a,v,1.731600,0.498500
a,v,1.731554,0.499000
a,v,1.731509,0.499500
a,v,1.731465,0.500000
a,v,1.731423,0.500500
a,v,1.731382,0.501000
a,v,1.731343,0.501500
a,v,1.731305,0.502000
a,v,1.731269,0.502500
a,v,1.731233,0.503000
a,v,1.731200,0.503500
a,v,1.731167,0.504000
a,v,1.731136,0.504500
a,v,1.731107,0.505000
a,v,1.731078,0.505500
a,v,1.731051,0.506000
a,v,1.731026,0.506500
a,v,1.731002,0.507000
a,v,1.730979,0.507500
a,v,1.730957,0.508000
a,v,1.730937,0.508500
a,v,1.730918,0.509000
a,v,1.730900,0.509500
a,v,1.730884,0.510000
a,v,1.730869,0.510500
a,v,1.730855,0.511000
a,v,1.730843,0.511500
a,v,1.730832,0.512000
a,v,1.730822,0.512500
a,v,1.730814,0.513000
a,v,1.730807,0.513500
a,v,1.730801,0.514000
a,v,1.730796,0.514500
a,v,1.730793,0.515000
a,v,1.730791,0.515500
a,v,1.730790,0.516000
a,v,1.730790,0.516500
a,v,1.730792,0.517000
a,v,1.730795,0.517500
a,v,1.730799,0.518000
a,v,1.730804,0.518500
a,v,1.730811,0.519000
a,v,1.730819,0.519500
a,v,1.730828,0.520000
a,v,1.730838,0.520500
a,v,1.730850,0.521000
a,v,1.730862,0.521500
a,v,1.730876,0.522000
a,v,1.730892,0.522500
a,v,1.730908,0.523000
a,v,1.730925,0.523500
a,v,1.730944,0.524000
a,v,1.730964,0.524500
a,v,1.730985,0.525000
a,v,1.731007,0.525500
a,v,1.731031,0.526000
a,v,1.731056,0.526500
a,v,1.731081,0.527000
a,v,1.731108,0.527500
a,v,1.731136,0.528000
a,v,1.731166,0.528500
a,v,1.731196,0.529000
a,v,1.731228,0.529500
a,v,1.731260,0.530000
a,v,1.731294,0.530500
a,v,1.731329,0.531000
a,v,1.731365,0.531500
a,v,1.731403,0.532000
a,v,1.731441,0.532500
a,v,1.731480,0.533000
a,v,1.731521,0.533500
a,v,1.731563,0.534000
a,v,1.731606,0.534500
a,v,1.731649,0.535000
a,v,1.731694,0.535500
a,v,1.731741,0.536000
a,v,1.731788,0.536500
a,v,1.731836,0.537000
a,v,1.731885,0.537500
a,v,1.731936,0.538000
a,v,1.731987,0.538500
a,v,1.732040,0.539000
a,v,1.732094,0.539500
a,v,1.732149,0.540000
a,v,1.732204,0.540500
a,v,1.732261,0.541000
a,v,1.732319,0.541500
a,v,1.732378,0.542000
a,v,1.732438,0.542500
a,v,1.732499,0.543000
a,v,1.732561,0.543500
a,v,1.732625,0.544000
a,v,1.732689,0.544500
a,v,1.732754,0.545000
a,v,1.732820,0.545500
a,v,1.732888,0.546000
a,v,1.732956,0.546500
a,v,1.733025,0.547000
a,v,1.733095,0.547500
a,v,1.733167,0.548000
a,v,1.733239,0.548500
a,v,1.733313,0.549000
a,v,1.733387,0.549500
a,v,1.733462,0.550000
a,v,1.733539,0.550500
a,v,1.733616,0.551000
a,v,1.733694,0.551500
a,v,1.733774,0.552000
a,v,1.733854,0.552500
a,v,1.733935,0.553000
a,v,1.734017,0.553500
a,v,1.734101,0.554000
a,v,1.734185,0.554500
a,v,1.734270,0.555000
a,v,1.734356,0.555500
a,v,1.734443,0.556000
a,v,1.734531,0.556500
a,v,1.734620,0.557000
a,v,1.734710,0.557500
a,v,1.734801,0.558000
a,v,1.734893,0.558500
a,v,1.734985,0.559000
a,v,1.735079,0.559500
a,v,1.735174,0.560000
a,v,1.735269,0.560500
a,v,1.735366,0.561000
a,v,1.735463,0.561500
a,v,1.735562,0.562000
a,v,1.735661,0.562500
a,v,1.735761,0.563000
a,v,1.735862,0.563500
a,v,1.735964,0.564000
a,v,1.736067,0.564500
a,v,1.736171,0.565000
a,v,1.736275,0.565500
a,v,1.736381,0.566000
a,v,1.736488,0.566500
a,v,1.736595,0.567000
a,v,1.736703,0.567500
a,v,1.736812,0.568000
a,v,1.736922,0.568500
a,v,1.737033,0.569000
a,v,1.737145,0.569500
a,v,1.737258,0.570000
a,v,1.737371,0.570500
a,v,1.737486,0.571000
a,v,1.737601,0.571500
a,v,1.737717,0.572000
a,v,1.737834,0.572500
a,v,1.737952,0.573000
a,v,1.738071,0.573500
a,v,1.738191,0.574000
a,v,1.738311,0.574500
a,v,1.738432,0.575000
a,v,1.738554,0.575500
a,v,1.738677,0.576000
a,v,1.738801,0.576500
a,v,1.738926,0.577000
a,v,1.739051,0.577500
a,v,1.739178,0.578000
a,v,1.739305,0.578500
a,v,1.739433,0.579000
a,v,1.739562,0.579500
a,v,1.739691,0.580000
a,v,1.739822,0.580500
a,v,1.739953,0.581000
a,v,1.740085,0.581500
a,v,1.740218,0.582000
a,v,1.740352,0.582500
a,v,1.740486,0.583000
a,v,1.740621,0.583500
a,v,1.740758,0.584000
a,v,1.740894,0.584500
a,v,1.741032,0.585000
a,v,1.741171,0.585500
a,v,1.741310,0.586000
a,v,1.741450,0.586500
a,v,1.741591,0.587000
a,v,1.741733,0.587500
a,v,1.741875,0.588000
a,v,1.742018,0.588500
a,v,1.742162,0.589000
a,v,1.742307,0.589500
a,v,1.742453,0.590000
a,v,1.742599,0.590500
a,v,1.742746,0.591000
a,v,1.742894,0.591500
a,v,1.743042,0.592000
a,v,1.743192,0.592500
a,v,1.743342,0.593000
a,v,1.743493,0.593500
a,v,1.743644,0.594000
a,v,1.743797,0.594500
a,v,1.743950,0.595000
a,v,1.744104,0.595500
a,v,1.744258,0.596000
a,v,1.744414,0.596500
a,v,1.744570,0.597000
a,v,1.744727,0.597500
a,v,1.744884,0.598000
a,v,1.745043,0.598500
a,v,1.745202,0.599000
a,v,1.745361,0.599500
a,v,1.745522,0.600000
a,v,1.745683,0.600500
a,v,1.745845,0.601000
a,v,1.746008,0.601500
a,v,1.746171,0.602000
a,v,1.746335,0.602500
a,v,1.746500,0.603000
a,v,1.746665,0.603500
a,v,1.746832,0.604000
a,v,1.746999,0.604500
a,v,1.747166,0.605000
a,v,1.747335,0.605500
a,v,1.747504,0.606000
a,v,1.747673,0.606500
a,v,1.747844,0.607000
a,v,1.748015,0.607500
a,v,1.748187,0.608000
a,v,1.748359,0.608500
a,v,1.748533,0.609000
a,v,1.748706,0.609500
a,v,1.748881,0.610000
a,v,1.749056,0.610500
a,v,1.749232,0.611000
a,v,1.749409,0.611500
a,v,1.749586,0.612000
a,v,1.749764,0.612500
a,v,1.749943,0.613000
a,v,1.750122,0.613500
a,v,1.750302,0.614000
a,v,1.750483,0.614500
a,v,1.750664,0.615000
a,v,1.750846,0.615500
a,v,1.751029,0.616000
a,v,1.751212,0.616500
a,v,1.751396,0.617000
a,v,1.751580,0.617500
a,v,1.751766,0.618000
a,v,1.751952,0.618500
a,v,1.752138,0.619000
a,v,1.752325,0.619500
a,v,1.752513,0.620000
a,v,1.752702,0.620500
a,v,1.752891,0.621000
a,v,1.753081,0.621500
a,v,1.753271,0.622000
a,v,1.753462,0.622500
a,v,1.753654,0.623000
a,v,1.753846,0.623500
a,v,1.754039,0.624000
a,v,1.754233,0.624500
a,v,1.754427,0.625000
a,v,1.754622,0.625500
a,v,1.754817,0.626000
a,v,1.755013,0.626500
a,v,1.755210,0.627000
a,v,1.755407,0.627500
a,v,1.755605,0.628000
a,v,1.755804,0.628500
a,v,1.756003,0.629000
a,v,1.756202,0.629500
a,v,1.756403,0.630000
a,v,1.756604,0.630500
a,v,1.756805,0.631000
a,v,1.757008,0.631500
a,v,1.757210,0.632000
a,v,1.757414,0.632500
a,v,1.757618,0.633000
a,v,1.757822,0.633500
a,v,1.758027,0.634000
a,v,1.758233,0.634500
a,v,1.758440,0.635000
a,v,1.758647,0.635500
a,v,1.758854,0.636000
a,v,1.759062,0.636500
a,v,1.759271,0.637000
a,v,1.759480,0.637500
a,v,1.759690,0.638000
a,v,1.759901,0.638500
a,v,1.760112,0.639000
a,v,1.760323,0.639500
a,v,1.760535,0.640000
a,v,1.760748,0.640500
a,v,1.760961,0.641000
a,v,1.761175,0.641500
a,v,1.761390,0.642000
a,v,1.761605,0.642500
a,v,1.761820,0.643000
a,v,1.762037,0.643500
a,v,1.762253,0.644000
a,v,1.762471,0.644500
a,v,1.762689,0.645000
a,v,1.762907,0.645500
a,v,1.763126,0.646000
a,v,1.763345,0.646500
a,v,1.763565,0.647000
a,v,1.763786,0.647500
a,v,1.764007,0.648000
a,v,1.764229,0.648500
a,v,1.764451,0.649000
a,v,1.764674,0.649500
a,v,1.764897,0.650000
a,v,1.765121,0.650500
a,v,1.765346,0.651000
a,v,1.765571,0.651500
a,v,1.765796,0.652000
a,v,1.766022,0.652500
a,v,1.766249,0.653000
a,v,1.766476,0.653500
a,v,1.766704,0.654000
a,v,1.766932,0.654500
a,v,1.767161,0.655000
a,v,1.767390,0.655500
a,v,1.767620,0.656000
a,v,1.767850,0.656500
a,v,1.768081,0.657000
a,v,1.768312,0.657500
a,v,1.768544,0.658000
a,v,1.768776,0.658500
a,v,1.769009,0.659000
a,v,1.769243,0.659500
a,v,1.769477,0.660000
a,v,1.769711,0.660500
a,v,1.769946,0.661000
a,v,1.770181,0.661500
a,v,1.770417,0.662000
a,v,1.770654,0.662500
a,v,1.770891,0.663000
a,v,1.771128,0.663500
a,v,1.771366,0.664000
a,v,1.771605,0.664500
a,v,1.771844,0.665000
a,v,1.772083,0.665500
a,v,1.772323,0.666000
a,v,1.772564,0.666500
a,v,1.772805,0.667000
a,v,1.773046,0.667500
a,v,1.773288,0.668000
a,v,1.773531,0.668500
a,v,1.773774,0.669000
a,v,1.774017,0.669500
a,v,1.774261,0.670000
a,v,1.774506,0.670500
a,v,1.774750,0.671000
a,v,1.774996,0.671500
a,v,1.775242,0.672000
a,v,1.775488,0.672500
a,v,1.775735,0.673000
a,v,1.775982,0.673500
a,v,1.776230,0.674000
a,v,1.776478,0.674500
a,v,1.776727,0.675000
a,v,1.776976,0.675500
a,v,1.777226,0.676000
a,v,1.777476,0.676500
a,v,1.777727,0.677000
a,v,1.777978,0.677500
a,v,1.778229,0.678000
a,v,1.778481,0.678500
a,v,1.778734,0.679000
a,v,1.778987,0.679500
a,v,1.779240,0.680000
a,v,1.779494,0.680500
a,v,1.779748,0.681000
a,v,1.780003,0.681500
a,v,1.780259,0.682000
a,v,1.780514,0.682500
a,v,1.780770,0.683000
a,v,1.781027,0.683500
a,v,1.781284,0.684000
a,v,1.781542,0.684500
a,v,1.781800,0.685000
a,v,1.782058,0.685500
a,v,1.782317,0.686000
a,v,1.782576,0.686500
a,v,1.782836,0.687000
a,v,1.783096,0.687500
a,v,1.783357,0.688000
a,v,1.783618,0.688500
a,v,1.783880,0.689000
a,v,1.784142,0.689500
a,v,1.784404,0.690000
a,v,1.784667,0.690500
a,v,1.784930,0.691000
a,v,1.785194,0.691500
a,v,1.785458,0.692000
a,v,1.785723,0.692500
a,v,1.785988,0.693000
a,v,1.786253,0.693500
a,v,1.786519,0.694000
a,v,1.786785,0.694500
a,v,1.787052,0.695000
a,v,1.787319,0.695500
a,v,1.787587,0.696000
a,v,1.787855,0.696500
a,v,1.788123,0.697000
a,v,1.788392,0.697500
a,v,1.788661,0.698000
a,v,1.788931,0.698500
a,v,1.789201,0.699000
a,v,1.789472,0.699500
a,v,1.789743,0.700000
a,v,1.790014,0.700500
a,v,1.790286,0.701000
a,v,1.790558,0.701500
a,v,1.790831,0.702000
a,v,1.791104,0.702500
a,v,1.791377,0.703000
a,v,1.791651,0.703500
a,v,1.791925,0.704000
a,v,1.792200,0.704500
a,v,1.792475,0.705000
a,v,1.792751,0.705500
a,v,1.793026,0.706000
a,v,1.793303,0.706500
a,v,1.793579,0.707000
a,v,1.793857,0.707500
a,v,1.794134,0.708000
a,v,1.794412,0.708500
a,v,1.794690,0.709000
a,v,1.794969,0.709500
a,v,1.795248,0.710000
a,v,1.795527,0.710500
a,v,1.795807,0.711000
a,v,1.796088,0.711500
a,v,1.796368,0.712000
a,v,1.796649,0.712500
a,v,1.796931,0.713000
a,v,1.797213,0.713500
a,v,1.797495,0.714000
a,v,1.797777,0.714500
a,v,1.798060,0.715000
a,v,1.798344,0.715500
a,v,1.798627,0.716000
a,v,1.798912,0.716500
a,v,1.799196,0.717000
a,v,1.799481,0.717500
a,v,1.799766,0.718000
a,v,1.800052,0.718500
a,v,1.800338,0.719000
a,v,1.800624,0.719500
a,v,1.800911,0.720000
a,v,1.801198,0.720500
a,v,1.801486,0.721000
a,v,1.801774,0.721500
a,v,1.802062,0.722000
a,v,1.802351,0.722500
a,v,1.802640,0.723000
a,v,1.802929,0.723500
a,v,1.803219,0.724000
a,v,1.803509,0.724500
a,v,1.803800,0.725000
a,v,1.804091,0.725500
a,v,1.804382,0.726000
a,v,1.804673,0.726500
a,v,1.804965,0.727000
a,v,1.805258,0.727500
a,v,1.805550,0.728000
a,v,1.805844,0.728500
a,v,1.806137,0.729000
a,v,1.806431,0.729500
a,v,1.806725,0.730000
a,v,1.807019,0.730500
a,v,1.807314,0.731000
a,v,1.807609,0.731500
a,v,1.807905,0.732000
a,v,1.808201,0.732500
a,v,1.808497,0.733000
a,v,1.808794,0.733500
a,v,1.809091,0.734000
a,v,1.809388,0.734500
a,v,1.809686,0.735000
a,v,1.809984,0.735500
a,v,1.810282,0.736000
a,v,1.810581,0.736500
a,v,1.810880,0.737000
a,v,1.811179,0.737500
a,v,1.811479,0.738000
a,v,1.811779,0.738500
a,v,1.812080,0.739000
a,v,1.812381,0.739500
a,v,1.812682,0.740000
a,v,1.812983,0.740500
a,v,1.813285,0.741000
a,v,1.813587,0.741500
a,v,1.813890,0.742000
a,v,1.814192,0.742500
a,v,1.814496,0.743000
a,v,1.814799,0.743500
a,v,1.815103,0.744000
a,v,1.815407,0.744500
a,v,1.815712,0.745000
a,v,1.816016,0.745500
a,v,1.816322,0.746000
a,v,1.816627,0.746500
a,v,1.816933,0.747000
a,v,1.817239,0.747500
a,v,1.817546,0.748000
a,v,1.817852,0.748500
a,v,1.818160,0.749000
a,v,1.818467,0.749500
a,v,1.818775,0.750000
a,v,1.819083,0.750500
a,v,1.819391,0.751000
a,v,1.819700,0.751500
a,v,1.820009,0.752000
a,v,1.820319,0.752500
a,v,1.820628,0.753000
a,v,1.820938,0.753500
a,v,1.821249,0.754000
a,v,1.821560,0.754500
a,v,1.821871,0.755000
a,v,1.822182,0.755500
a,v,1.822493,0.756000
a,v,1.822805,0.756500
a,v,1.823118,0.757000
a,v,1.823430,0.757500
a,v,1.823743,0.758000
a,v,1.824056,0.758500
a,v,1.824370,0.759000
a,v,1.824684,0.759500
a,v,1.824998,0.760000
a,v,1.825312,0.760500
a,v,1.825627,0.761000
a,v,1.825942,0.761500
a,v,1.826258,0.762000
a,v,1.826573,0.762500
a,v,1.826889,0.763000
a,v,1.827206,0.763500
a,v,1.827522,0.764000
a,v,1.827839,0.764500
a,v,1.828156,0.765000
a,v,1.828474,0.765500
a,v,1.828792,0.766000
a,v,1.829110,0.766500
a,v,1.829428,0.767000
a,v,1.829747,0.767500
a,v,1.830066,0.768000
a,v,1.830385,0.768500
a,v,1.830705,0.769000
a,v,1.831025,0.769500
a,v,1.831345,0.770000
a,v,1.831666,0.770500
a,v,1.831986,0.771000
a,v,1.832308,0.771500
a,v,1.832629,0.772000
a,v,1.832951,0.772500
a,v,1.833273,0.773000
a,v,1.833595,0.773500
a,v,1.833917,0.774000
a,v,1.834240,0.774500
a,v,1.834563,0.775000
a,v,1.834887,0.775500
a,v,1.835211,0.776000
a,v,1.835535,0.776500
a,v,1.835859,0.777000
a,v,1.836183,0.777500
a,v,1.836508,0.778000
a,v,1.836833,0.778500
a,v,1.837159,0.779000
a,v,1.837485,0.779500
a,v,1.837811,0.780000
a,v,1.838137,0.780500
a,v,1.838463,0.781000
a,v,1.838790,0.781500
a,v,1.839117,0.782000
a,v,1.839445,0.782500
a,v,1.839773,0.783000
a,v,1.840101,0.783500
a,v,1.840429,0.784000
a,v,1.840757,0.784500
a,v,1.841086,0.785000
a,v,1.841415,0.785500
a,v,1.841745,0.786000
a,v,1.842074,0.786500
a,v,1.842404,0.787000
a,v,1.842734,0.787500
a,v,1.843065,0.788000
a,v,1.843395,0.788500
a,v,1.843726,0.789000
a,v,1.844058,0.789500
a,v,1.844389,0.790000
a,v,1.844721,0.790500
a,v,1.845053,0.791000
a,v,1.845385,0.791500
a,v,1.845718,0.792000
a,v,1.846051,0.792500
a,v,1.846384,0.793000
a,v,1.846718,0.793500
a,v,1.847051,0.794000
a,v,1.847385,0.794500
a,v,1.847719,0.795000
a,v,1.848054,0.795500
a,v,1.848389,0.796000
a,v,1.848724,0.796500
a,v,1.849059,0.797000
a,v,1.849394,0.797500
a,v,1.849730,0.798000
a,v,1.850066,0.798500
a,v,1.850402,0.799000
a,v,1.850739,0.799500
a,v,1.851076,0.800000
a,v,1.851413,0.800500
a,v,1.851750,0.801000
a,v,1.852088,0.801500
a,v,1.852426,0.802000
a,v,1.852764,0.802500
a,v,1.853102,0.803000
a,v,1.853441,0.803500
a,v,1.853780,0.804000
a,v,1.854119,0.804500
a,v,1.854458,0.805000
a,v,1.854798,0.805500
a,v,1.855138,0.806000
a,v,1.855478,0.806500
a,v,1.855818,0.807000
a,v,1.856159,0.807500
a,v,1.856500,0.808000
a,v,1.856841,0.808500
a,v,1.857182,0.809000
a,v,1.857524,0.809500
a,v,1.857866,0.810000
a,v,1.858208,0.810500
a,v,1.858550,0.811000
a,v,1.858893,0.811500
a,v,1.859236,0.812000
a,v,1.859579,0.812500
a,v,1.859922,0.813000
a,v,1.860266,0.813500
a,v,1.860610,0.814000
a,v,1.860954,0.814500
a,v,1.861298,0.815000
a,v,1.861643,0.815500
a,v,1.861988,0.816000
a,v,1.862333,0.816500
a,v,1.862678,0.817000
a,v,1.863023,0.817500
a,v,1.863369,0.818000
a,v,1.863715,0.818500
a,v,1.864062,0.819000
a,v,1.864408,0.819500
a,v,1.864755,0.820000
a,v,1.865102,0.820500
a,v,1.865449,0.821000
a,v,1.865796,0.821500
a,v,1.866144,0.822000
a,v,1.866492,0.822500
a,v,1.866840,0.823000
a,v,1.867188,0.823500
a,v,1.867537,0.824000
a,v,1.867886,0.824500
a,v,1.868235,0.825000
a,v,1.868584,0.825500
a,v,1.868934,0.826000
a,v,1.869284,0.826500
a,v,1.869634,0.827000
a,v,1.869984,0.827500
a,v,1.870334,0.828000
a,v,1.870685,0.828500
a,v,1.871036,0.829000
a,v,1.871387,0.829500
a,v,1.871738,0.830000
a,v,1.872090,0.830500
a,v,1.872442,0.831000
a,v,1.872794,0.831500
a,v,1.873146,0.832000
a,v,1.873498,0.832500
a,v,1.873851,0.833000
a,v,1.874204,0.833500
a,v,1.874557,0.834000
a,v,1.874911,0.834500
a,v,1.875264,0.835000
a,v,1.875618,0.835500
a,v,1.875972,0.836000
a,v,1.876326,0.836500
a,v,1.876681,0.837000
a,v,1.877036,0.837500
a,v,1.877391,0.838000
a,v,1.877746,0.838500
a,v,1.878101,0.839000
a,v,1.878457,0.839500
a,v,1.878813,0.840000
a,v,1.879169,0.840500
a,v,1.879525,0.841000
a,v,1.879881,0.841500
a,v,1.880238,0.842000
a,v,1.880595,0.842500
a,v,1.880952,0.843000
a,v,1.881309,0.843500
a,v,1.881667,0.844000
a,v,1.882024,0.844500
a,v,1.882382,0.845000
a,v,1.882741,0.845500
a,v,1.883099,0.846000
a,v,1.883458,0.846500
a,v,1.883816,0.847000
a,v,1.884175,0.847500
a,v,1.884535,0.848000
a,v,1.884894,0.848500
a,v,1.885254,0.849000
a,v,1.885614,0.849500
a,v,1.885974,0.850000
a,v,1.886334,0.850500
a,v,1.886694,0.851000
a,v,1.887055,0.851500
a,v,1.887416,0.852000
a,v,1.887777,0.852500
a,v,1.888138,0.853000
a,v,1.888500,0.853500
a,v,1.888862,0.854000
a,v,1.889224,0.854500
a,v,1.889586,0.855000
a,v,1.889948,0.855500
a,v,1.890311,0.856000
a,v,1.890673,0.856500
a,v,1.891036,0.857000
a,v,1.891399,0.857500
a,v,1.891763,0.858000
a,v,1.892126,0.858500
a,v,1.892490,0.859000
a,v,1.892854,0.859500
a,v,1.893218,0.860000
a,v,1.893583,0.860500
a,v,1.893947,0.861000
a,v,1.894312,0.861500
a,v,1.894677,0.862000
a,v,1.895042,0.862500
a,v,1.895407,0.863000
a,v,1.895773,0.863500
a,v,1.896139,0.864000
a,v,1.896505,0.864500
a,v,1.896871,0.865000
a,v,1.897237,0.865500
a,v,1.897604,0.866000
a,v,1.897970,0.866500
a,v,1.898337,0.867000
a,v,1.898704,0.867500
a,v,1.899072,0.868000
a,v,1.899439,0.868500
a,v,1.899807,0.869000
a,v,1.900175,0.869500
a,v,1.900543,0.870000
a,v,1.900911,0.870500
a,v,1.901279,0.871000
a,v,1.901648,0.871500
a,v,1.902017,0.872000
a,v,1.902386,0.872500
a,v,1.902755,0.873000
a,v,1.903125,0.873500
a,v,1.903494,0.874000
a,v,1.903864,0.874500
a,v,1.904234,0.875000
a,v,1.904604,0.875500
a,v,1.904975,0.876000
a,v,1.905345,0.876500
a,v,1.905716,0.877000
a,v,1.906087,0.877500
a,v,1.906458,0.878000
a,v,1.906829,0.878500
a,v,1.907201,0.879000
a,v,1.907572,0.879500
a,v,1.907944,0.880000
a,v,1.908316,0.880500
a,v,1.908688,0.881000
a,v,1.909061,0.881500
a,v,1.909433,0.882000
a,v,1.909806,0.882500
a,v,1.910179,0.883000
a,v,1.910552,0.883500
a,v,1.910925,0.884000
a,v,1.911299,0.884500
a,v,1.911673,0.885000
a,v,1.912046,0.885500
a,v,1.912420,0.886000
a,v,1.912795,0.886500
a,v,1.913169,0.887000
a,v,1.913544,0.887500
a,v,1.913918,0.888000
a,v,1.914293,0.888500
a,v,1.914668,0.889000
a,v,1.915044,0.889500
a,v,1.915419,0.890000
a,v,1.915795,0.890500
a,v,1.916171,0.891000
a,v,1.916547,0.891500
a,v,1.916923,0.892000
a,v,1.917299,0.892500
a,v,1.917676,0.893000
a,v,1.918052,0.893500
a,v,1.918429,0.894000
a,v,1.918806,0.894500
a,v,1.919183,0.895000
a,v,1.919561,0.895500
a,v,1.919938,0.896000
a,v,1.920316,0.896500
a,v,1.920694,0.897000
a,v,1.921072,0.897500
a,v,1.921450,0.898000
a,v,1.921829,0.898500
a,v,1.922207,0.899000
a,v,1.922586,0.899500
a,v,1.922965,0.900000
a,v,1.923344,0.900500
a,v,1.923724,0.901000
a,v,1.924103,0.901500
a,v,1.924483,0.902000
a,v,1.924862,0.902500
a,v,1.925242,0.903000
a,v,1.925622,0.903500
a,v,1.926003,0.904000
a,v,1.926383,0.904500
a,v,1.926764,0.905000
a,v,1.927145,0.905500
a,v,1.927526,0.906000
a,v,1.927907,0.906500
a,v,1.928288,0.907000
a,v,1.928669,0.907500
a,v,1.929051,0.908000
a,v,1.929433,0.908500
a,v,1.929815,0.909000
a,v,1.930197,0.909500
a,v,1.930579,0.910000
a,v,1.930962,0.910500
a,v,1.931344,0.911000
a,v,1.931727,0.911500
a,v,1.932110,0.912000
a,v,1.932493,0.912500
a,v,1.932876,0.913000
a,v,1.933260,0.913500
a,v,1.933643,0.914000
a,v,1.934027,0.914500
a,v,1.934411,0.915000
a,v,1.934795,0.915500
a,v,1.935179,0.916000
a,v,1.935564,0.916500
a,v,1.935948,0.917000
a,v,1.936333,0.917500
a,v,1.936718,0.918000
a,v,1.937103,0.918500
a,v,1.937488,0.919000
a,v,1.937873,0.919500
a,v,1.938259,0.920000
a,v,1.938645,0.920500
a,v,1.939030,0.921000
a,v,1.939416,0.921500
a,v,1.939802,0.922000
a,v,1.940189,0.922500
a,v,1.940575,0.923000
a,v,1.940962,0.923500
a,v,1.941349,0.924000
a,v,1.941735,0.924500
a,v,1.942122,0.925000
a,v,1.942510,0.925500
a,v,1.942897,0.926000
a,v,1.943285,0.926500
a,v,1.943672,0.927000
a,v,1.944060,0.927500
a,v,1.944448,0.928000
a,v,1.944836,0.928500
a,v,1.945225,0.929000
a,v,1.945613,0.929500
a,v,1.946002,0.930000
a,v,1.946390,0.930500
a,v,1.946779,0.931000
a,v,1.947168,0.931500
a,v,1.947557,0.932000
a,v,1.947947,0.932500
a,v,1.948336,0.933000
a,v,1.948726,0.933500
a,v,1.949116,0.934000
a,v,1.949506,0.934500
a,v,1.949896,0.935000
a,v,1.950286,0.935500
a,v,1.950676,0.936000
a,v,1.951067,0.936500
a,v,1.951458,0.937000
a,v,1.951849,0.937500
a,v,1.952240,0.938000
a,v,1.952631,0.938500
a,v,1.953022,0.939000
a,v,1.953413,0.939500
a,v,1.953805,0.940000
a,v,1.954197,0.940500
a,v,1.954589,0.941000
a,v,1.954981,0.941500
a,v,1.955373,0.942000
a,v,1.955765,0.942500
a,v,1.956157,0.943000
a,v,1.956550,0.943500
a,v,1.956943,0.944000
a,v,1.957336,0.944500
a,v,1.957729,0.945000
a,v,1.958122,0.945500
a,v,1.958515,0.946000
a,v,1.958909,0.946500
a,v,1.959302,0.947000
a,v,1.959696,0.947500
a,v,1.960090,0.948000
a,v,1.960484,0.948500
a,v,1.960878,0.949000
a,v,1.961272,0.949500
a,v,1.961667,0.950000
a,v,1.962061,0.950500
a,v,1.962456,0.951000
a,v,1.962851,0.951500
a,v,1.963246,0.952000
a,v,1.963641,0.952500
a,v,1.964036,0.953000
a,v,1.964432,0.953500
a,v,1.964827,0.954000
a,v,1.965223,0.954500
a,v,1.965619,0.955000
a,v,1.966015,0.955500
a,v,1.966411,0.956000
a,v,1.966807,0.956500
a,v,1.967204,0.957000
a,v,1.967600,0.957500
a,v,1.967997,0.958000
a,v,1.968394,0.958500
a,v,1.968791,0.959000
a,v,1.969188,0.959500
a,v,1.969585,0.960000
a,v,1.969982,0.960500
a,v,1.970380,0.961000
a,v,1.970777,0.961500
a,v,1.971175,0.962000
a,v,1.971573,0.962500
a,v,1.971971,0.963000
a,v,1.972369,0.963500
a,v,1.972768,0.964000
a,v,1.973166,0.964500
a,v,1.973565,0.965000
a,v,1.973963,0.965500
a,v,1.974362,0.966000
a,v,1.974761,0.966500
a,v,1.975160,0.967000
a,v,1.975559,0.967500
a,v,1.975959,0.968000
a,v,1.976358,0.968500
a,v,1.976758,0.969000
a,v,1.977158,0.969500
a,v,1.977557,0.970000
a,v,1.977957,0.970500
a,v,1.978358,0.971000
a,v,1.978758,0.971500
a,v,1.979158,0.972000
a,v,1.979559,0.972500
a,v,1.979959,0.973000
a,v,1.980360,0.973500
a,v,1.980761,0.974000
a,v,1.981162,0.974500
a,v,1.981563,0.975000
a,v,1.981965,0.975500
a,v,1.982366,0.976000
a,v,1.982768,0.976500
a,v,1.983169,0.977000
a,v,1.983571,0.977500
a,v,1.983973,0.978000
a,v,1.984375,0.978500
a,v,1.984777,0.979000
a,v,1.985180,0.979500
a,v,1.985582,0.980000
a,v,1.985985,0.980500
a,v,1.986388,0.981000
a,v,1.986790,0.981500
a,v,1.987193,0.982000
a,v,1.987596,0.982500
a,v,1.988000,0.983000
a,v,1.988403,0.983500
a,v,1.988806,0.984000
a,v,1.989210,0.984500
a,v,1.989614,0.985000
a,v,1.990018,0.985500
a,v,1.990421,0.986000
a,v,1.990826,0.986500
a,v,1.991230,0.987000
a,v,1.991634,0.987500
a,v,1.992039,0.988000
a,v,1.992443,0.988500
a,v,1.992848,0.989000
a,v,1.993253,0.989500
a,v,1.993658,0.990000
a,v,1.994063,0.990500
a,v,1.994468,0.991000
a,v,1.994873,0.991500
a,v,1.995278,0.992000
a,v,1.995684,0.992500
a,v,1.996090,0.993000
a,v,1.996495,0.993500
a,v,1.996901,0.994000
a,v,1.997307,0.994500
a,v,1.997714,0.995000
a,v,1.998120,0.995500
a,v,1.998526,0.996000
a,v,1.998933,0.996500
a,v,1.999339,0.997000
a,v,1.999746,0.997500
a,v,2.000153,0.998000
a,v,2.000560,0.998500
a,v,2.000967,0.999000
a,v,2.001374,0.999500
a,v,2.001782,1.000000
a,v,2.002189,1.000500
a,v,2.002597,1.001000
a,v,2.003004,1.001500
a,v,2.003412,1.002000
a,v,2.003820,1.002500
a,v,2.004228,1.003000
a,v,2.004636,1.003500
a,v,2.005044,1.004000
a,v,2.005453,1.004500
a,v,2.005861,1.005000
a,v,2.006270,1.005500
a,v,2.006679,1.006000
a,v,2.007087,1.006500
a,v,2.007496,1.007000
a,v,2.007906,1.007500
a,v,2.008315,1.008000
a,v,2.008724,1.008500
a,v,2.009133,1.009000
a,v,2.009543,1.009500
a,v,2.009953,1.010000
a,v,2.010362,1.010500
a,v,2.010772,1.011000
a,v,2.011182,1.011500
a,v,2.011592,1.012000
a,v,2.012003,1.012500
a,v,2.012413,1.013000
a,v,2.012823,1.013500
a,v,2.013234,1.014000
a,v,2.013644,1.014500
a,v,2.014055,1.015000
a,v,2.014466,1.015500
a,v,2.014877,1.016000
a,v,2.015288,1.016500
a,v,2.015699,1.017000
a,v,2.016111,1.017500
a,v,2.016522,1.018000
a,v,2.016934,1.018500
a,v,2.017345,1.019000
a,v,2.017757,1.019500
a,v,2.018169,1.020000
a,v,2.018581,1.020500
a,v,2.018993,1.021000
a,v,2.019405,1.021500
a,v,2.019818,1.022000
a,v,2.020230,1.022500
a,v,2.020643,1.023000
a,v,2.021055,1.023500
a,v,2.021468,1.024000
a,v,2.021881,1.024500
a,v,2.022294,1.025000
a,v,2.022707,1.025500
a,v,2.023120,1.026000
a,v,2.023533,1.026500
a,v,2.023947,1.027000
a,v,2.024360,1.027500
a,v,2.024774,1.028000
a,v,2.025188,1.028500
a,v,2.025601,1.029000
a,v,2.026015,1.029500
a,v,2.026429,1.030000
a,v,2.026844,1.030500
a,v,2.027258,1.031000
a,v,2.027672,1.031500
a,v,2.028087,1.032000
a,v,2.028501,1.032500
a,v,2.028916,1.033000
a,v,2.029331,1.033500
a,v,2.029746,1.034000
a,v,2.030161,1.034500
a,v,2.030576,1.035000
a,v,2.030991,1.035500
a,v,2.031406,1.036000
a,v,2.031821,1.036500
a,v,2.032237,1.037000
a,v,2.032653,1.037500
a,v,2.033068,1.038000
a,v,2.033484,1.038500
a,v,2.033900,1.039000
a,v,2.034316,1.039500
a,v,2.034732,1.040000
a,v,2.035148,1.040500
a,v,2.035565,1.041000
a,v,2.035981,1.041500
a,v,2.036398,1.042000
a,v,2.036814,1.042500
a,v,2.037231,1.043000
a,v,2.037648,1.043500
a,v,2.038065,1.044000
a,v,2.038482,1.044500
a,v,2.038899,1.045000
a,v,2.039316,1.045500
a,v,2.039734,1.046000
a,v,2.040151,1.046500
a,v,2.040569,1.047000
a,v,2.040986,1.047500
a,v,2.041404,1.048000
a,v,2.041822,1.048500
a,v,2.042240,1.049000
a,v,2.042658,1.049500
a,v,2.043076,1.050000
a,v,2.043494,1.050500
a,v,2.043913,1.051000
a,v,2.044331,1.051500
a,v,2.044749,1.052000
a,v,2.045168,1.052500
a,v,2.045587,1.053000
a,v,2.046006,1.053500
a,v,2.046425,1.054000
a,v,2.046844,1.054500
a,v,2.047263,1.055000
a,v,2.047682,1.055500
a,v,2.048101,1.056000
a,v,2.048521,1.056500
a,v,2.048940,1.057000
a,v,2.049360,1.057500
a,v,2.049780,1.058000
a,v,2.050199,1.058500
a,v,2.050619,1.059000
a,v,2.051039,1.059500
a,v,2.051459,1.060000
a,v,2.051880,1.060500
a,v,2.052300,1.061000
a,v,2.052720,1.061500
a,v,2.053141,1.062000
a,v,2.053561,1.062500
a,v,2.053982,1.063000
a,v,2.054403,1.063500
a,v,2.054823,1.064000
a,v,2.055244,1.064500
a,v,2.055665,1.065000
a,v,2.056087,1.065500
a,v,2.056508,1.066000
a,v,2.056929,1.066500
a,v,2.057351,1.067000
a,v,2.057772,1.067500
a,v,2.058194,1.068000
a,v,2.058615,1.068500
a,v,2.059037,1.069000
a,v,2.059459,1.069500
a,v,2.059881,1.070000
a,v,2.060303,1.070500
a,v,2.060725,1.071000
a,v,2.061148,1.071500
a,v,2.061570,1.072000
a,v,2.061992,1.072500
a,v,2.062415,1.073000
a,v,2.062837,1.073500
a,v,2.063260,1.074000
a,v,2.063683,1.074500
a,v,2.064106,1.075000
a,v,2.064529,1.075500
a,v,2.064952,1.076000
a,v,2.065375,1.076500
a,v,2.065798,1.077000
a,v,2.066222,1.077500
a,v,2.066645,1.078000
a,v,2.067069,1.078500
a,v,2.067492,1.079000
a,v,2.067916,1.079500
a,v,2.068340,1.080000
a,v,2.068764,1.080500
a,v,2.069188,1.081000
a,v,2.069612,1.081500
a,v,2.070036,1.082000
a,v,2.070460,1.082500
a,v,2.070885,1.083000
a,v,2.071309,1.083500
a,v,2.071734,1.084000
a,v,2.072158,1.084500
a,v,2.072583,1.085000
a,v,2.073008,1.085500
a,v,2.073432,1.086000
a,v,2.073857,1.086500
a,v,2.074282,1.087000
a,v,2.074708,1.087500
a,v,2.075133,1.088000
a,v,2.075558,1.088500
a,v,2.075984,1.089000
a,v,2.076409,1.089500
a,v,2.076835,1.090000
a,v,2.077260,1.090500
a,v,2.077686,1.091000
a,v,2.078112,1.091500
a,v,2.078538,1.092000
a,v,2.078964,1.092500
a,v,2.079390,1.093000
a,v,2.079816,1.093500
a,v,2.080242,1.094000
a,v,2.080669,1.094500
a,v,2.081095,1.095000
a,v,2.081522,1.095500
a,v,2.081948,1.096000
a,v,2.082375,1.096500
a,v,2.082802,1.097000
a,v,2.083229,1.097500
a,v,2.083655,1.098000
a,v,2.084083,1.098500
a,v,2.084510,1.099000
a,v,2.084937,1.099500
a,v,2.085364,1.100000
a,v,2.085791,1.100500
a,v,2.086219,1.101000
a,v,2.086646,1.101500
a,v,2.087074,1.102000
a,v,2.087502,1.102500
a,v,2.087930,1.103000
a,v,2.088357,1.103500
a,v,2.088785,1.104000
a,v,2.089213,1.104500
a,v,2.089642,1.105000
a,v,2.090070,1.105500
a,v,2.090498,1.106000
a,v,2.090926,1.106500
a,v,2.091355,1.107000
a,v,2.091783,1.107500
a,v,2.092212,1.108000
a,v,2.092641,1.108500
a,v,2.093070,1.109000
a,v,2.093498,1.109500
a,v,2.093927,1.110000
a,v,2.094356,1.110500
a,v,2.094785,1.111000
a,v,2.095215,1.111500
a,v,2.095644,1.112000
a,v,2.096073,1.112500
a,v,2.096503,1.113000
a,v,2.096932,1.113500
a,v,2.097362,1.114000
a,v,2.097791,1.114500
a,v,2.098221,1.115000
a,v,2.098651,1.115500
a,v,2.099081,1.116000
a,v,2.099511,1.116500
a,v,2.099941,1.117000
a,v,2.100371,1.117500
a,v,2.100801,1.118000
a,v,2.101232,1.118500
a,v,2.101662,1.119000
a,v,2.102093,1.119500
a,v,2.102523,1.120000
a,v,2.102954,1.120500
a,v,2.103384,1.121000
a,v,2.103815,1.121500
a,v,2.104246,1.122000
a,v,2.104677,1.122500
a,v,2.105108,1.123000
a,v,2.105539,1.123500
a,v,2.105970,1.124000
a,v,2.106402,1.124500
a,v,2.106833,1.125000
a,v,2.107264,1.125500
a,v,2.107696,1.126000
a,v,2.108127,1.126500
a,v,2.108559,1.127000
a,v,2.108991,1.127500
a,v,2.109423,1.128000
a,v,2.109854,1.128500
a,v,2.110286,1.129000
a,v,2.110718,1.129500
a,v,2.111151,1.130000
a,v,2.111583,1.130500
a,v,2.112015,1.131000
a,v,2.112447,1.131500
a,v,2.112880,1.132000
a,v,2.113312,1.132500
a,v,2.113745,1.133000
a,v,2.114177,1.133500
a,v,2.114610,1.134000
a,v,2.115043,1.134500
a,v,2.115476,1.135000
a,v,2.115909,1.135500
a,v,2.116342,1.136000
a,v,2.116775,1.136500
a,v,2.117208,1.137000
a,v,2.117641,1.137500
a,v,2.118075,1.138000
a,v,2.118508,1.138500
a,v,2.118941,1.139000
a,v,2.119375,1.139500
a,v,2.119809,1.140000
a,v,2.120242,1.140500
a,v,2.120676,1.141000
a,v,2.121110,1.141500
a,v,2.121544,1.142000
a,v,2.121978,1.142500
a,v,2.122412,1.143000
a,v,2.122846,1.143500
a,v,2.123280,1.144000
a,v,2.123715,1.144500
a,v,2.124149,1.145000
a,v,2.124583,1.145500
a,v,2.125018,1.146000
a,v,2.125452,1.146500
a,v,2.125887,1.147000
a,v,2.126322,1.147500
a,v,2.126757,1.148000
a,v,2.127191,1.148500
a,v,2.127626,1.149000
a,v,2.128061,1.149500
a,v,2.128496,1.150000
a,v,2.128932,1.150500
a,v,2.129367,1.151000
a,v,2.129802,1.151500
a,v,2.130237,1.152000
a,v,2.130673,1.152500
a,v,2.131108,1.153000
a,v,2.131544,1.153500
a,v,2.131980,1.154000
a,v,2.132415,1.154500
a,v,2.132851,1.155000
a,v,2.133287,1.155500
a,v,2.133723,1.156000
a,v,2.134159,1.156500
a,v,2.134595,1.157000
a,v,2.135031,1.157500
a,v,2.135467,1.158000
a,v,2.135904,1.158500
a,v,2.136340,1.159000
a,v,2.136777,1.159500
a,v,2.137213,1.160000
a,v,2.137650,1.160500
a,v,2.138086,1.161000
a,v,2.138523,1.161500
a,v,2.138960,1.162000
a,v,2.139397,1.162500
a,v,2.139834,1.163000
a,v,2.140271,1.163500
a,v,2.140708,1.164000
a,v,2.141145,1.164500
a,v,2.141582,1.165000
a,v,2.142019,1.165500
a,v,2.142457,1.166000
a,v,2.142894,1.166500
a,v,2.143331,1.167000
a,v,2.143769,1.167500
a,v,2.144207,1.168000
a,v,2.144644,1.168500
a,v,2.145082,1.169000
a,v,2.145520,1.169500
a,v,2.145958,1.170000
a,v,2.146396,1.170500
a,v,2.146834,1.171000
a,v,2.147272,1.171500
a,v,2.147710,1.172000
a,v,2.148148,1.172500
a,v,2.148586,1.173000
a,v,2.149025,1.173500
a,v,2.149463,1.174000
a,v,2.149902,1.174500
a,v,2.150340,1.175000
a,v,2.150779,1.175500
a,v,2.151217,1.176000
a,v,2.151656,1.176500
a,v,2.152095,1.177000
a,v,2.152534,1.177500
a,v,2.152973,1.178000
a,v,2.153412,1.178500
a,v,2.153851,1.179000
a,v,2.154290,1.179500
a,v,2.154729,1.180000
a,v,2.155169,1.180500
a,v,2.155608,1.181000
a,v,2.156047,1.181500
a,v,2.156487,1.182000
a,v,2.156926,1.182500
a,v,2.157366,1.183000
a,v,2.157806,1.183500
a,v,2.158245,1.184000
a,v,2.158685,1.184500
a,v,2.159125,1.185000
a,v,2.159565,1.185500
a,v,2.160005,1.186000
a,v,2.160445,1.186500
a,v,2.160885,1.187000
a,v,2.161326,1.187500
a,v,2.161766,1.188000
a,v,2.162206,1.188500
a,v,2.162646,1.189000
a,v,2.163087,1.189500
a,v,2.163527,1.190000
a,v,2.163968,1.190500
a,v,2.164409,1.191000
a,v,2.164849,1.191500
a,v,2.165290,1.192000
a,v,2.165731,1.192500
a,v,2.166172,1.193000
a,v,2.166613,1.193500
a,v,2.167054,1.194000
a,v,2.167495,1.194500
a,v,2.167936,1.195000
a,v,2.168377,1.195500
a,v,2.168819,1.196000
a,v,2.169260,1.196500
a,v,2.169701,1.197000
a,v,2.170143,1.197500
a,v,2.170584,1.198000
a,v,2.171026,1.198500
a,v,2.171468,1.199000
a,v,2.171909,1.199500
a,v,2.172351,1.200000
a,v,2.172793,1.200500
a,v,2.173235,1.201000
a,v,2.173677,1.201500
a,v,2.174119,1.202000
a,v,2.174561,1.202500
a,v,2.175003,1.203000
a,v,2.175445,1.203500
a,v,2.175888,1.204000
a,v,2.176330,1.204500
a,v,2.176772,1.205000
a,v,2.177215,1.205500
a,v,2.177657,1.206000
a,v,2.178100,1.206500
a,v,2.178542,1.207000
a,v,2.178985,1.207500
a,v,2.179428,1.208000
a,v,2.179871,1.208500
a,v,2.180314,1.209000
a,v,2.180757,1.209500
a,v,2.181200,1.210000
a,v,2.181643,1.210500
a,v,2.182086,1.211000
a,v,2.182529,1.211500
a,v,2.182972,1.212000
a,v,2.183416,1.212500
a,v,2.183859,1.213000
a,v,2.184302,1.213500
a,v,2.184746,1.214000
a,v,2.185189,1.214500
a,v,2.185633,1.215000
a,v,2.186077,1.215500
a,v,2.186520,1.216000
a,v,2.186964,1.216500
a,v,2.187408,1.217000
a,v,2.187852,1.217500
a,v,2.188296,1.218000
a,v,2.188740,1.218500
a,v,2.189184,1.219000
a,v,2.189628,1.219500
a,v,2.190072,1.220000
a,v,2.190516,1.220500
a,v,2.190961,1.221000
a,v,2.191405,1.221500
a,v,2.191850,1.222000
a,v,2.192294,1.222500
a,v,2.192739,1.223000
a,v,2.193183,1.223500
a,v,2.193628,1.224000
a,v,2.194073,1.224500
a,v,2.194517,1.225000
a,v,2.194962,1.225500
a,v,2.195407,1.226000
a,v,2.195852,1.226500
a,v,2.196297,1.227000
a,v,2.196742,1.227500
a,v,2.197187,1.228000
a,v,2.197632,1.228500
a,v,2.198078,1.229000
a,v,2.198523,1.229500
a,v,2.198968,1.230000
a,v,2.199414,1.230500
a,v,2.199859,1.231000
a,v,2.200305,1.231500
a,v,2.200750,1.232000
a,v,2.201196,1.232500
a,v,2.201642,1.233000
a,v,2.202087,1.233500
a,v,2.202533,1.234000
a,v,2.202979,1.234500
a,v,2.203425,1.235000
a,v,2.203871,1.235500
a,v,2.204317,1.236000
a,v,2.204763,1.236500
a,v,2.205209,1.237000
a,v,2.205655,1.237500
a,v,2.206102,1.238000
a,v,2.206548,1.238500
a,v,2.206994,1.239000
a,v,2.207441,1.239500
a,v,2.207887,1.240000
a,v,2.208334,1.240500
a,v,2.208780,1.241000
a,v,2.209227,1.241500
a,v,2.209674,1.242000
a,v,2.210120,1.242500
a,v,2.210567,1.243000
a,v,2.211014,1.243500
a,v,2.211461,1.244000
a,v,2.211908,1.244500
a,v,2.212355,1.245000
a,v,2.212802,1.245500
a,v,2.213249,1.246000
a,v,2.213696,1.246500
a,v,2.214144,1.247000
a,v,2.214591,1.247500
a,v,2.215038,1.248000
a,v,2.215486,1.248500
a,v,2.215933,1.249000
a,v,2.216381,1.249500
a,v,2.216828,1.250000
a,v,2.217276,1.250500
a,v,2.217723,1.251000
a,v,2.218171,1.251500
a,v,2.218619,1.252000
a,v,2.219067,1.252500
a,v,2.219515,1.253000
a,v,2.219963,1.253500
a,v,2.220411,1.254000
a,v,2.220859,1.254500
a,v,2.221307,1.255000
a,v,2.221755,1.255500
a,v,2.222203,1.256000
a,v,2.222651,1.256500
a,v,2.223100,1.257000
a,v,2.223548,1.257500
a,v,2.223996,1.258000
a,v,2.224445,1.258500
a,v,2.224893,1.259000
a,v,2.225342,1.259500
a,v,2.225791,1.260000
a,v,2.226239,1.260500
a,v,2.226688,1.261000
a,v,2.227137,1.261500
a,v,2.227586,1.262000
a,v,2.228035,1.262500
a,v,2.228484,1.263000
a,v,2.228933,1.263500
a,v,2.229382,1.264000
a,v,2.229831,1.264500
a,v,2.230280,1.265000
a,v,2.230729,1.265500
a,v,2.231178,1.266000
a,v,2.231628,1.266500
a,v,2.232077,1.267000
a,v,2.232526,1.267500
a,v,2.232976,1.268000
a,v,2.233425,1.268500
a,v,2.233875,1.269000
a,v,2.234324,1.269500
a,v,2.234774,1.270000
a,v,2.235224,1.270500
a,v,2.235674,1.271000
a,v,2.236123,1.271500
a,v,2.236573,1.272000
a,v,2.237023,1.272500
a,v,2.237473,1.273000
a,v,2.237923,1.273500
a,v,2.238373,1.274000
a,v,2.238823,1.274500
a,v,2.239274,1.275000
a,v,2.239724,1.275500
a,v,2.240174,1.276000
a,v,2.240624,1.276500
a,v,2.241075,1.277000
a,v,2.241525,1.277500
a,v,2.241976,1.278000
a,v,2.242426,1.278500
a,v,2.242877,1.279000
a,v,2.243327,1.279500
a,v,2.243778,1.280000
a,v,2.244229,1.280500
a,v,2.244679,1.281000
a,v,2.245130,1.281500
a,v,2.245581,1.282000
a,v,2.246032,1.282500
a,v,2.246483,1.283000
a,v,2.246934,1.283500
a,v,2.247385,1.284000
a,v,2.247836,1.284500
a,v,2.248287,1.285000
a,v,2.248739,1.285500
a,v,2.249190,1.286000
a,v,2.249641,1.286500
a,v,2.250092,1.287000
a,v,2.250544,1.287500
a,v,2.250995,1.288000
a,v,2.251447,1.288500
a,v,2.251898,1.289000
a,v,2.252350,1.289500
a,v,2.252802,1.290000
a,v,2.253253,1.290500
a,v,2.253705,1.291000
a,v,2.254157,1.291500
a,v,2.254609,1.292000
a,v,2.255061,1.292500
a,v,2.255513,1.293000
a,v,2.255965,1.293500
a,v,2.256417,1.294000
a,v,2.256869,1.294500
a,v,2.257321,1.295000
a,v,2.257773,1.295500
a,v,2.258225,1.296000
a,v,2.258677,1.296500
a,v,2.259130,1.297000
a,v,2.259582,1.297500
a,v,2.260035,1.298000
a,v,2.260487,1.298500
a,v,2.260939,1.299000
a,v,2.261392,1.299500
a,v,2.261845,1.300000
a,v,2.262297,1.300500
a,v,2.262750,1.301000
a,v,2.263203,1.301500
a,v,2.263655,1.302000
a,v,2.264108,1.302500
a,v,2.264561,1.303000
a,v,2.265014,1.303500
a,v,2.265467,1.304000
a,v,2.265920,1.304500
a,v,2.266373,1.305000
a,v,2.266826,1.305500
a,v,2.267279,1.306000
a,v,2.267733,1.306500
a,v,2.268186,1.307000
a,v,2.268639,1.307500
a,v,2.269093,1.308000
a,v,2.269546,1.308500
a,v,2.269999,1.309000
a,v,2.270453,1.309500
a,v,2.270906,1.310000
a,v,2.271360,1.310500
a,v,2.271814,1.311000
a,v,2.272267,1.311500
a,v,2.272721,1.312000
a,v,2.273175,1.312500
a,v,2.273628,1.313000
a,v,2.274082,1.313500
a,v,2.274536,1.314000
a,v,2.274990,1.314500
a,v,2.275444,1.315000
a,v,2.275898,1.315500
a,v,2.276352,1.316000
a,v,2.276806,1.316500
a,v,2.277260,1.317000
a,v,2.277715,1.317500
a,v,2.278169,1.318000
a,v,2.278623,1.318500
a,v,2.279078,1.319000
a,v,2.279532,1.319500
a,v,2.279986,1.320000
a,v,2.280441,1.320500
a,v,2.280895,1.321000
a,v,2.281350,1.321500
a,v,2.281805,1.322000
a,v,2.282259,1.322500
a,v,2.282714,1.323000
a,v,2.283169,1.323500
a,v,2.283623,1.324000
a,v,2.284078,1.324500
a,v,2.284533,1.325000
a,v,2.284988,1.325500
a,v,2.285443,1.326000
a,v,2.285898,1.326500
a,v,2.286353,1.327000
a,v,2.286808,1.327500
a,v,2.287263,1.328000
a,v,2.287718,1.328500
a,v,2.288174,1.329000
a,v,2.288629,1.329500
a,v,2.289084,1.330000
a,v,2.289540,1.330500
a,v,2.289995,1.331000
a,v,2.290450,1.331500
a,v,2.290906,1.332000
a,v,2.291361,1.332500
a,v,2.291817,1.333000
a,v,2.292273,1.333500
a,v,2.292728,1.334000
a,v,2.293184,1.334500
a,v,2.293640,1.335000
a,v,2.294095,1.335500
a,v,2.294551,1.336000
a,v,2.295007,1.336500
a,v,2.295463,1.337000
a,v,2.295919,1.337500
a,v,2.296375,1.338000
a,v,2.296831,1.338500
a,v,2.297287,1.339000
a,v,2.297743,1.339500
a,v,2.298199,1.340000
a,v,2.298656,1.340500
a,v,2.299112,1.341000
a,v,2.299568,1.341500
a,v,2.300024,1.342000
a,v,2.300481,1.342500
a,v,2.300937,1.343000
a,v,2.301394,1.343500
a,v,2.301850,1.344000
a,v,2.302307,1.344500
a,v,2.302763,1.345000
a,v,2.303220,1.345500
a,v,2.303677,1.346000
a,v,2.304133,1.346500
a,v,2.304590,1.347000
a,v,2.305047,1.347500
a,v,2.305504,1.348000
a,v,2.305961,1.348500
a,v,2.306417,1.349000
a,v,2.306874,1.349500
a,v,2.307331,1.350000
a,v,2.307788,1.350500
a,v,2.308246,1.351000
a,v,2.308703,1.351500
a,v,2.309160,1.352000
a,v,2.309617,1.352500
a,v,2.310074,1.353000
a,v,2.310532,1.353500
a,v,2.310989,1.354000
a,v,2.311446,1.354500
a,v,2.311904,1.355000
a,v,2.312361,1.355500
a,v,2.312819,1.356000
a,v,2.313276,1.356500
a,v,2.313734,1.357000
a,v,2.314191,1.357500
a,v,2.314649,1.358000
a,v,2.315107,1.358500
a,v,2.315564,1.359000
a,v,2.316022,1.359500
a,v,2.316480,1.360000
a,v,2.316938,1.360500
a,v,2.317396,1.361000
a,v,2.317854,1.361500
a,v,2.318312,1.362000
a,v,2.318770,1.362500
a,v,2.319228,1.363000
a,v,2.319686,1.363500
a,v,2.320144,1.364000
a,v,2.320602,1.364500
a,v,2.321060,1.365000
a,v,2.321518,1.365500
a,v,2.321977,1.366000
a,v,2.322435,1.366500
a,v,2.322893,1.367000
a,v,2.323352,1.367500
a,v,2.323810,1.368000
a,v,2.324269,1.368500
a,v,2.324727,1.369000
a,v,2.325186,1.369500
a,v,2.325644,1.370000
a,v,2.326103,1.370500
a,v,2.326562,1.371000
a,v,2.327020,1.371500
a,v,2.327479,1.372000
a,v,2.327938,1.372500
a,v,2.328397,1.373000
a,v,2.328856,1.373500
a,v,2.329315,1.374000
a,v,2.329774,1.374500
a,v,2.330233,1.375000
a,v,2.330692,1.375500
a,v,2.331151,1.376000
a,v,2.331610,1.376500
a,v,2.332069,1.377000
a,v,2.332528,1.377500
a,v,2.332987,1.378000
a,v,2.333447,1.378500
a,v,2.333906,1.379000
a,v,2.334365,1.379500
a,v,2.334825,1.380000
a,v,2.335284,1.380500
a,v,2.335743,1.381000
a,v,2.336203,1.381500
a,v,2.336663,1.382000
a,v,2.337122,1.382500
a,v,2.337582,1.383000
a,v,2.338041,1.383500
a,v,2.338501,1.384000
a,v,2.338961,1.384500
a,v,2.339420,1.385000
a,v,2.339880,1.385500
a,v,2.340340,1.386000
a,v,2.340800,1.386500
a,v,2.341260,1.387000
a,v,2.341720,1.387500
a,v,2.342180,1.388000
a,v,2.342640,1.388500
a,v,2.343100,1.389000
a,v,2.343560,1.389500
a,v,2.344020,1.390000
a,v,2.344480,1.390500
a,v,2.344940,1.391000
a,v,2.345401,1.391500
a,v,2.345861,1.392000
a,v,2.346321,1.392500
a,v,2.346782,1.393000
a,v,2.347242,1.393500
a,v,2.347702,1.394000
a,v,2.348163,1.394500
a,v,2.348623,1.395000
a,v,2.349084,1.395500
a,v,2.349544,1.396000
a,v,2.350005,1.396500
a,v,2.350466,1.397000
a,v,2.350926,1.397500
a,v,2.351387,1.398000
a,v,2.351848,1.398500
a,v,2.352309,1.399000
a,v,2.352769,1.399500
a,v,2.353230,1.400000
a,v,2.353691,1.400500
a,v,2.354152,1.401000
a,v,2.354613,1.401500
a,v,2.355074,1.402000
a,v,2.355535,1.402500
a,v,2.355996,1.403000
a,v,2.356457,1.403500
a,v,2.356919,1.404000
a,v,2.357380,1.404500
a,v,2.357841,1.405000
a,v,2.358302,1.405500
a,v,2.358763,1.406000
a,v,2.359225,1.406500
a,v,2.359686,1.407000
a,v,2.360148,1.407500
a,v,2.360609,1.408000
a,v,2.361070,1.408500
a,v,2.361532,1.409000
a,v,2.361994,1.409500
a,v,2.362455,1.410000
a,v,2.362917,1.410500
a,v,2.363378,1.411000
a,v,2.363840,1.411500
a,v,2.364302,1.412000
a,v,2.364764,1.412500
a,v,2.365225,1.413000
a,v,2.365687,1.413500
a,v,2.366149,1.414000
a,v,2.366611,1.414500
a,v,2.367073,1.415000
a,v,2.367535,1.415500
a,v,2.367997,1.416000
a,v,2.368459,1.416500
a,v,2.368921,1.417000
a,v,2.369383,1.417500
a,v,2.369845,1.418000
a,v,2.370307,1.418500
a,v,2.370769,1.419000
a,v,2.371232,1.419500
a,v,2.371694,1.420000
a,v,2.372156,1.420500
a,v,2.372619,1.421000
a,v,2.373081,1.421500
a,v,2.373543,1.422000
a,v,2.374006,1.422500
a,v,2.374468,1.423000
a,v,2.374931,1.423500
a,v,2.375393,1.424000
a,v,2.375856,1.424500
a,v,2.376319,1.425000
a,v,2.376781,1.425500
a,v,2.377244,1.426000
a,v,2.377707,1.426500
a,v,2.378169,1.427000
a,v,2.378632,1.427500
a,v,2.379095,1.428000
a,v,2.379558,1.428500
a,v,2.380021,1.429000
a,v,2.380484,1.429500
a,v,2.380947,1.430000
a,v,2.381410,1.430500
a,v,2.381873,1.431000
a,v,2.382336,1.431500
a,v,2.382799,1.432000
a,v,2.383262,1.432500
a,v,2.383725,1.433000
a,v,2.384188,1.433500
a,v,2.384652,1.434000
a,v,2.385115,1.434500
a,v,2.385578,1.435000
a,v,2.386041,1.435500
a,v,2.386505,1.436000
a,v,2.386968,1.436500
a,v,2.387432,1.437000
a,v,2.387895,1.437500
a,v,2.388359,1.438000
a,v,2.388822,1.438500
a,v,2.389286,1.439000
a,v,2.389749,1.439500
a,v,2.390213,1.440000
a,v,2.390676,1.440500
a,v,2.391140,1.441000
a,v,2.391604,1.441500
a,v,2.392068,1.442000
a,v,2.392531,1.442500
a,v,2.392995,1.443000
a,v,2.393459,1.443500
a,v,2.393923,1.444000
a,v,2.394387,1.444500
a,v,2.394851,1.445000
a,v,2.395315,1.445500
a,v,2.395779,1.446000
a,v,2.396243,1.446500
a,v,2.396707,1.447000
a,v,2.397171,1.447500
a,v,2.397635,1.448000
a,v,2.398099,1.448500
a,v,2.398564,1.449000
a,v,2.399028,1.449500
a,v,2.399492,1.450000
a,v,2.399956,1.450500
a,v,2.400421,1.451000
a,v,2.400885,1.451500
a,v,2.401350,1.452000
a,v,2.401814,1.452500
a,v,2.402278,1.453000
a,v,2.402743,1.453500
a,v,2.403207,1.454000
a,v,2.403672,1.454500
a,v,2.404137,1.455000
a,v,2.404601,1.455500
a,v,2.405066,1.456000
a,v,2.405531,1.456500
a,v,2.405995,1.457000
a,v,2.406460,1.457500
a,v,2.406925,1.458000
a,v,2.407390,1.458500
a,v,2.407854,1.459000
a,v,2.408319,1.459500
a,v,2.408784,1.460000
a,v,2.409249,1.460500
a,v,2.409714,1.461000
a,v,2.410179,1.461500
a,v,2.410644,1.462000
a,v,2.411109,1.462500
a,v,2.411574,1.463000
a,v,2.412039,1.463500
a,v,2.412505,1.464000
a,v,2.412970,1.464500
a,v,2.413435,1.465000
a,v,2.413900,1.465500
a,v,2.414365,1.466000
a,v,2.414831,1.466500
a,v,2.415296,1.467000
a,v,2.415762,1.467500
a,v,2.416227,1.468000
a,v,2.416692,1.468500
a,v,2.417158,1.469000
a,v,2.417623,1.469500
a,v,2.418089,1.470000
a,v,2.418554,1.470500
a,v,2.419020,1.471000
a,v,2.419486,1.471500
a,v,2.419951,1.472000
a,v,2.420417,1.472500
a,v,2.420883,1.473000
a,v,2.421348,1.473500
a,v,2.421814,1.474000
a,v,2.422280,1.474500
a,v,2.422746,1.475000
a,v,2.423212,1.475500
a,v,2.423677,1.476000
a,v,2.424143,1.476500
a,v,2.424609,1.477000
a,v,2.425075,1.477500
a,v,2.425541,1.478000
a,v,2.426007,1.478500
a,v,2.426473,1.479000
a,v,2.426940,1.479500
a,v,2.427406,1.480000
a,v,2.427872,1.480500
a,v,2.428338,1.481000
a,v,2.428804,1.481500
a,v,2.429270,1.482000
a,v,2.429737,1.482500
a,v,2.430203,1.483000
a,v,2.430669,1.483500
a,v,2.431136,1.484000
a,v,2.431602,1.484500
a,v,2.432069,1.485000
a,v,2.432535,1.485500
a,v,2.433001,1.486000
a,v,2.433468,1.486500
a,v,2.433935,1.487000
a,v,2.434401,1.487500
a,v,2.434868,1.488000
a,v,2.435334,1.488500
a,v,2.435801,1.489000
a,v,2.436268,1.489500
a,v,2.436734,1.490000
a,v,2.437201,1.490500
a,v,2.437668,1.491000
a,v,2.438135,1.491500
a,v,2.438602,1.492000
a,v,2.439068,1.492500
a,v,2.439535,1.493000
a,v,2.440002,1.493500
a,v,2.440469,1.494000
a,v,2.440936,1.494500
a,v,2.441403,1.495000
a,v,2.441870,1.495500
a,v,2.442337,1.496000
a,v,2.442804,1.496500
a,v,2.443271,1.497000
a,v,2.443739,1.497500
a,v,2.444206,1.498000
a,v,2.444673,1.498500
a,v,2.445140,1.499000
a,v,2.445608,1.499500
a,v,2.446075,1.500000
a,v,2.446542,1.500500
a,v,2.447010,1.501000
a,v,2.447477,1.501500
a,v,2.447944,1.502000
a,v,2.448412,1.502500
a,v,2.448879,1.503000
a,v,2.449347,1.503500
a,v,2.449814,1.504000
a,v,2.450282,1.504500
a,v,2.450749,1.505000
a,v,2.451217,1.505500
a,v,2.451685,1.506000
a,v,2.452152,1.506500
a,v,2.452620,1.507000
a,v,2.453088,1.507500
a,v,2.453555,1.508000
a,v,2.454023,1.508500
a,v,2.454491,1.509000
a,v,2.454959,1.509500
a,v,2.455427,1.510000
a,v,2.455895,1.510500
a,v,2.456362,1.511000
a,v,2.456830,1.511500
a,v,2.457298,1.512000
a,v,2.457766,1.512500
a,v,2.458234,1.513000
a,v,2.458702,1.513500
a,v,2.459170,1.514000
a,v,2.459639,1.514500
a,v,2.460107,1.515000
a,v,2.460575,1.515500
a,v,2.461043,1.516000
a,v,2.461511,1.516500
a,v,2.461980,1.517000
a,v,2.462448,1.517500
a,v,2.462916,1.518000
a,v,2.463384,1.518500
a,v,2.463853,1.519000
a,v,2.464321,1.519500
a,v,2.464790,1.520000
a,v,2.465258,1.520500
a,v,2.465726,1.521000
a,v,2.466195,1.521500
a,v,2.466663,1.522000
a,v,2.467132,1.522500
a,v,2.467601,1.523000
a,v,2.468069,1.523500
a,v,2.468538,1.524000
a,v,2.469006,1.524500
a,v,2.469475,1.525000
a,v,2.469944,1.525500
a,v,2.470413,1.526000
a,v,2.470881,1.526500
a,v,2.471350,1.527000
a,v,2.471819,1.527500
a,v,2.472288,1.528000
a,v,2.472757,1.528500
a,v,2.473225,1.529000
a,v,2.473694,1.529500
a,v,2.474163,1.530000
a,v,2.474632,1.530500
a,v,2.475101,1.531000
a,v,2.475570,1.531500
a,v,2.476039,1.532000
a,v,2.476508,1.532500
a,v,2.476978,1.533000
a,v,2.477447,1.533500
a,v,2.477916,1.534000
a,v,2.478385,1.534500
a,v,2.478854,1.535000
a,v,2.479323,1.535500
a,v,2.479793,1.536000
a,v,2.480262,1.536500
a,v,2.480731,1.537000
a,v,2.481201,1.537500
a,v,2.481670,1.538000
a,v,2.482139,1.538500
a,v,2.482609,1.539000
a,v,2.483078,1.539500
a,v,2.483548,1.540000
a,v,2.484017,1.540500
a,v,2.484487,1.541000
a,v,2.484956,1.541500
a,v,2.485426,1.542000
a,v,2.485895,1.542500
a,v,2.486365,1.543000
a,v,2.486835,1.543500
a,v,2.487304,1.544000
a,v,2.487774,1.544500
a,v,2.488244,1.545000
a,v,2.488714,1.545500
a,v,2.489183,1.546000
a,v,2.489653,1.546500
a,v,2.490123,1.547000
a,v,2.490593,1.547500
a,v,2.491063,1.548000
a,v,2.491533,1.548500
a,v,2.492003,1.549000
a,v,2.492473,1.549500
a,v,2.492943,1.550000
a,v,2.493413,1.550500
a,v,2.493883,1.551000
a,v,2.494353,1.551500
a,v,2.494823,1.552000
a,v,2.495293,1.552500
a,v,2.495763,1.553000
a,v,2.496233,1.553500
a,v,2.496703,1.554000
a,v,2.497174,1.554500
a,v,2.497644,1.555000
a,v,2.498114,1.555500
a,v,2.498584,1.556000
a,v,2.499055,1.556500
a,v,2.499525,1.557000
a,v,2.499995,1.557500
a,v,2.500466,1.558000
a,v,2.500936,1.558500
a,v,2.501407,1.559000
a,v,2.501877,1.559500
a,v,2.502347,1.560000
a,v,2.502818,1.560500
a,v,2.503289,1.561000
a,v,2.503759,1.561500
a,v,2.504230,1.562000
a,v,2.504700,1.562500
a,v,2.505171,1.563000
a,v,2.505642,1.563500
a,v,2.506112,1.564000
a,v,2.506583,1.564500
a,v,2.507054,1.565000
a,v,2.507524,1.565500
a,v,2.507995,1.566000
a,v,2.508466,1.566500
a,v,2.508937,1.567000
a,v,2.509408,1.567500
a,v,2.509879,1.568000
a,v,2.510349,1.568500
a,v,2.510820,1.569000
a,v,2.511291,1.569500
a,v,2.511762,1.570000
a,v,2.512233,1.570500
a,v,2.512704,1.571000
a,v,2.513175,1.571500
a,v,2.513646,1.572000
a,v,2.514118,1.572500
a,v,2.514589,1.573000
a,v,2.515060,1.573500
a,v,2.515531,1.574000
a,v,2.516002,1.574500
a,v,2.516473,1.575000
a,v,2.516945,1.575500
a,v,2.517416,1.576000
a,v,2.517887,1.576500
a,v,2.518359,1.577000
a,v,2.518830,1.577500
a,v,2.519301,1.578000
a,v,2.519773,1.578500
a,v,2.520244,1.579000
a,v,2.520715,1.579500
a,v,2.521187,1.580000
a,v,2.521658,1.580500
a,v,2.522130,1.581000
a,v,2.522601,1.581500
a,v,2.523073,1.582000
a,v,2.523545,1.582500
a,v,2.524016,1.583000
a,v,2.524488,1.583500
a,v,2.524959,1.584000
a,v,2.525431,1.584500
a,v,2.525903,1.585000
a,v,2.526374,1.585500
a,v,2.526846,1.586000
a,v,2.527318,1.586500
a,v,2.527790,1.587000
a,v,2.528262,1.587500
a,v,2.528733,1.588000
a,v,2.529205,1.588500
a,v,2.529677,1.589000
a,v,2.530149,1.589500
a,v,2.530621,1.590000
a,v,2.531093,1.590500
a,v,2.531565,1.591000
a,v,2.532037,1.591500
a,v,2.532509,1.592000
a,v,2.532981,1.592500
a,v,2.533453,1.593000
a,v,2.533925,1.593500
a,v,2.534397,1.594000
a,v,2.534869,1.594500
a,v,2.535341,1.595000
a,v,2.535814,1.595500
a,v,2.536286,1.596000
a,v,2.536758,1.596500
a,v,2.537230,1.597000
a,v,2.537703,1.597500
a,v,2.538175,1.598000
a,v,2.538647,1.598500
a,v,2.539120,1.599000
a,v,2.539592,1.599500
a,v,2.540064,1.600000
a,v,2.540537,1.600500
a,v,2.541009,1.601000
a,v,2.541482,1.601500
a,v,2.541954,1.602000
a,v,2.542427,1.602500
a,v,2.542899,1.603000
a,v,2.543372,1.603500
a,v,2.543844,1.604000
a,v,2.544317,1.604500
a,v,2.544789,1.605000
a,v,2.545262,1.605500
a,v,2.545735,1.606000
a,v,2.546207,1.606500
a,v,2.546680,1.607000
a,v,2.547153,1.607500
a,v,2.547625,1.608000
a,v,2.548098,1.608500
a,v,2.548571,1.609000
a,v,2.549044,1.609500
a,v,2.549517,1.610000
a,v,2.549990,1.610500
a,v,2.550462,1.611000
a,v,2.550935,1.611500
a,v,2.551408,1.612000
a,v,2.551881,1.612500
a,v,2.552354,1.613000
a,v,2.552827,1.613500
a,v,2.553300,1.614000
a,v,2.553773,1.614500
a,v,2.554246,1.615000
a,v,2.554719,1.615500
a,v,2.555192,1.616000
a,v,2.555666,1.616500
a,v,2.556139,1.617000
a,v,2.556612,1.617500
a,v,2.557085,1.618000
a,v,2.557558,1.618500
a,v,2.558031,1.619000
a,v,2.558505,1.619500
a,v,2.558978,1.620000
a,v,2.559451,1.620500
a,v,2.559925,1.621000
a,v,2.560398,1.621500
a,v,2.560871,1.622000
a,v,2.561345,1.622500
a,v,2.561818,1.623000
a,v,2.562292,1.623500
a,v,2.562765,1.624000
a,v,2.563238,1.624500
a,v,2.563712,1.625000
a,v,2.564185,1.625500
a,v,2.564659,1.626000
a,v,2.565133,1.626500
a,v,2.565606,1.627000
a,v,2.566080,1.627500
a,v,2.566553,1.628000
a,v,2.567027,1.628500
a,v,2.567501,1.629000
a,v,2.567974,1.629500
a,v,2.568448,1.630000
a,v,2.568922,1.630500
a,v,2.569395,1.631000
a,v,2.569869,1.631500
a,v,2.570343,1.632000
a,v,2.570817,1.632500
a,v,2.571291,1.633000
a,v,2.571764,1.633500
a,v,2.572238,1.634000
a,v,2.572712,1.634500
a,v,2.573186,1.635000
a,v,2.573660,1.635500
a,v,2.574134,1.636000
a,v,2.574608,1.636500
a,v,2.575082,1.637000
a,v,2.575556,1.637500
a,v,2.576030,1.638000
a,v,2.576504,1.638500
a,v,2.576978,1.639000
a,v,2.577452,1.639500
a,v,2.577926,1.640000
a,v,2.578401,1.640500
a,v,2.578875,1.641000
a,v,2.579349,1.641500
a,v,2.579823,1.642000
a,v,2.580297,1.642500
a,v,2.580772,1.643000
a,v,2.581246,1.643500
a,v,2.581720,1.644000
a,v,2.582195,1.644500
a,v,2.582669,1.645000
a,v,2.583143,1.645500
a,v,2.583618,1.646000
a,v,2.584092,1.646500
a,v,2.584566,1.647000
a,v,2.585041,1.647500
a,v,2.585515,1.648000
a,v,2.585990,1.648500
a,v,2.586464,1.649000
a,v,2.586939,1.649500
a,v,2.587413,1.650000
a,v,2.587888,1.650500
a,v,2.588362,1.651000
a,v,2.588837,1.651500
a,v,2.589312,1.652000
a,v,2.589786,1.652500
a,v,2.590261,1.653000
a,v,2.590736,1.653500
a,v,2.591210,1.654000
a,v,2.591685,1.654500
a,v,2.592160,1.655000
a,v,2.592635,1.655500
a,v,2.593109,1.656000
a,v,2.593584,1.656500
a,v,2.594059,1.657000
a,v,2.594534,1.657500
a,v,2.595009,1.658000
a,v,2.595484,1.658500
a,v,2.595958,1.659000
a,v,2.596433,1.659500
a,v,2.596908,1.660000
a,v,2.597383,1.660500
a,v,2.597858,1.661000
a,v,2.598333,1.661500
a,v,2.598808,1.662000
a,v,2.599283,1.662500
a,v,2.599758,1.663000
a,v,2.600233,1.663500
a,v,2.600709,1.664000
a,v,2.601184,1.664500
a,v,2.601659,1.665000
a,v,2.602134,1.665500
a,v,2.602609,1.666000
a,v,2.603084,1.666500
a,v,2.603560,1.667000
a,v,2.604035,1.667500
a,v,2.604510,1.668000
a,v,2.604985,1.668500
a,v,2.605461,1.669000
a,v,2.605936,1.669500
a,v,2.606411,1.670000
a,v,2.606887,1.670500
a,v,2.607362,1.671000
a,v,2.607837,1.671500
a,v,2.608313,1.672000
a,v,2.608788,1.672500
a,v,2.609264,1.673000
a,v,2.609739,1.673500
a,v,2.610215,1.674000
a,v,2.610690,1.674500
a,v,2.611166,1.675000
a,v,2.611641,1.675500
a,v,2.612117,1.676000
a,v,2.612592,1.676500
a,v,2.613068,1.677000
a,v,2.613544,1.677500
a,v,2.614019,1.678000
a,v,2.614495,1.678500
a,v,2.614971,1.679000
a,v,2.615446,1.679500
a,v,2.615922,1.680000
a,v,2.616398,1.680500
a,v,2.616873,1.681000
a,v,2.617349,1.681500
a,v,2.617825,1.682000
a,v,2.618301,1.682500
a,v,2.618777,1.683000
a,v,2.619253,1.683500
a,v,2.619728,1.684000
a,v,2.620204,1.684500
a,v,2.620680,1.685000
a,v,2.621156,1.685500
a,v,2.621632,1.686000
a,v,2.622108,1.686500
a,v,2.622584,1.687000
a,v,2.623060,1.687500
a,v,2.623536,1.688000
a,v,2.624012,1.688500
a,v,2.624488,1.689000
a,v,2.624964,1.689500
a,v,2.625440,1.690000
a,v,2.625917,1.690500
a,v,2.626393,1.691000
a,v,2.626869,1.691500
a,v,2.627345,1.692000
a,v,2.627821,1.692500
a,v,2.628297,1.693000
a,v,2.628774,1.693500
a,v,2.629250,1.694000
a,v,2.629726,1.694500
a,v,2.630202,1.695000
a,v,2.630679,1.695500
a,v,2.631155,1.696000
a,v,2.631631,1.696500
a,v,2.632108,1.697000
a,v,2.632584,1.697500
a,v,2.633061,1.698000
a,v,2.633537,1.698500
a,v,2.634013,1.699000
a,v,2.634490,1.699500
a,v,2.634966,1.700000
a,v,2.635443,1.700500
a,v,2.635919,1.701000
a,v,2.636396,1.701500
a,v,2.636872,1.702000
a,v,2.637349,1.702500
a,v,2.637826,1.703000
a,v,2.638302,1.703500
a,v,2.638779,1.704000
a,v,2.639255,1.704500
a,v,2.639732,1.705000
a,v,2.640209,1.705500
a,v,2.640685,1.706000
a,v,2.641162,1.706500
a,v,2.641639,1.707000
a,v,2.642116,1.707500
a,v,2.642592,1.708000
a,v,2.643069,1.708500
a,v,2.643546,1.709000
a,v,2.644023,1.709500
a,v,2.644500,1.710000
a,v,2.644976,1.710500
a,v,2.645453,1.711000
a,v,2.645930,1.711500
a,v,2.646407,1.712000
a,v,2.646884,1.712500
a,v,2.647361,1.713000
a,v,2.647838,1.713500
a,v,2.648315,1.714000
a,v,2.648792,1.714500
a,v,2.649269,1.715000
a,v,2.649746,1.715500
a,v,2.650223,1.716000
a,v,2.650700,1.716500
a,v,2.651177,1.717000
a,v,2.651654,1.717500
a,v,2.652131,1.718000
a,v,2.652608,1.718500
a,v,2.653086,1.719000
a,v,2.653563,1.719500
a,v,2.654040,1.720000
a,v,2.654517,1.720500
a,v,2.654994,1.721000
a,v,2.655472,1.721500
a,v,2.655949,1.722000
a,v,2.656426,1.722500
a,v,2.656904,1.723000
a,v,2.657381,1.723500
a,v,2.657858,1.724000
a,v,2.658336,1.724500
a,v,2.658813,1.725000
a,v,2.659290,1.725500
a,v,2.659768,1.726000
a,v,2.660245,1.726500
a,v,2.660723,1.727000
a,v,2.661200,1.727500
a,v,2.661677,1.728000
a,v,2.662155,1.728500
a,v,2.662632,1.729000
a,v,2.663110,1.729500
a,v,2.663587,1.730000
a,v,2.664065,1.730500
a,v,2.664543,1.731000
a,v,2.665020,1.731500
a,v,2.665498,1.732000
a,v,2.665975,1.732500
a,v,2.666453,1.733000
a,v,2.666931,1.733500
a,v,2.667408,1.734000
a,v,2.667886,1.734500
a,v,2.668364,1.735000
a,v,2.668842,1.735500
a,v,2.669319,1.736000
a,v,2.669797,1.736500
a,v,2.670275,1.737000
a,v,2.670753,1.737500
a,v,2.671230,1.738000
a,v,2.671708,1.738500
a,v,2.672186,1.739000
a,v,2.672664,1.739500
a,v,2.673142,1.740000
a,v,2.673620,1.740500
a,v,2.674098,1.741000
a,v,2.674576,1.741500
a,v,2.675054,1.742000
a,v,2.675532,1.742500
a,v,2.676009,1.743000
a,v,2.676487,1.743500
a,v,2.676966,1.744000
a,v,2.677444,1.744500
a,v,2.677922,1.745000
a,v,2.678400,1.745500
a,v,2.678878,1.746000
a,v,2.679356,1.746500
a,v,2.679834,1.747000
a,v,2.680312,1.747500
a,v,2.680790,1.748000
a,v,2.681268,1.748500
a,v,2.681747,1.749000
a,v,2.682225,1.749500
a,v,2.682703,1.750000
a,v,2.683181,1.750500
a,v,2.683659,1.751000
a,v,2.684138,1.751500
a,v,2.684616,1.752000
a,v,2.685094,1.752500
a,v,2.685573,1.753000
a,v,2.686051,1.753500
a,v,2.686529,1.754000
a,v,2.687008,1.754500
a,v,2.687486,1.755000
a,v,2.687964,1.755500
a,v,2.688443,1.756000
a,v,2.688921,1.756500
a,v,2.689400,1.757000
a,v,2.689878,1.757500
a,v,2.690357,1.758000
a,v,2.690835,1.758500
a,v,2.691314,1.759000
a,v,2.691792,1.759500
a,v,2.692271,1.760000
a,v,2.692749,1.760500
a,v,2.693228,1.761000
a,v,2.693707,1.761500
a,v,2.694185,1.762000
a,v,2.694664,1.762500
a,v,2.695142,1.763000
a,v,2.695621,1.763500
a,v,2.696100,1.764000
a,v,2.696578,1.764500
a,v,2.697057,1.765000
a,v,2.697536,1.765500
a,v,2.698015,1.766000
a,v,2.698493,1.766500
a,v,2.698972,1.767000
a,v,2.699451,1.767500
a,v,2.699930,1.768000
a,v,2.700408,1.768500
a,v,2.700887,1.769000
a,v,2.701366,1.769500
a,v,2.701845,1.770000
a,v,2.702324,1.770500
a,v,2.702803,1.771000
a,v,2.703282,1.771500
a,v,2.703761,1.772000
a,v,2.704240,1.772500
a,v,2.704719,1.773000
a,v,2.705198,1.773500
a,v,2.705677,1.774000
a,v,2.706156,1.774500
a,v,2.706635,1.775000
a,v,2.707114,1.775500
a,v,2.707593,1.776000
a,v,2.708072,1.776500
a,v,2.708551,1.777000
a,v,2.709030,1.777500
a,v,2.709509,1.778000
a,v,2.709988,1.778500
a,v,2.710467,1.779000
a,v,2.710946,1.779500
a,v,2.711426,1.780000
a,v,2.711905,1.780500
a,v,2.712384,1.781000
a,v,2.712863,1.781500
a,v,2.713343,1.782000
a,v,2.713822,1.782500
a,v,2.714301,1.783000
a,v,2.714780,1.783500
a,v,2.715260,1.784000
a,v,2.715739,1.784500
a,v,2.716218,1.785000
a,v,2.716698,1.785500
a,v,2.717177,1.786000
a,v,2.717656,1.786500
a,v,2.718136,1.787000
a,v,2.718615,1.787500
a,v,2.719095,1.788000
a,v,2.719574,1.788500
a,v,2.720054,1.789000
a,v,2.720533,1.789500
a,v,2.721013,1.790000
a,v,2.721492,1.790500
a,v,2.721972,1.791000
a,v,2.722451,1.791500
a,v,2.722931,1.792000
a,v,2.723410,1.792500
a,v,2.723890,1.793000
a,v,2.724369,1.793500
a,v,2.724849,1.794000
a,v,2.725329,1.794500
a,v,2.725808,1.795000
a,v,2.726288,1.795500
a,v,2.726768,1.796000
a,v,2.727247,1.796500
a,v,2.727727,1.797000
a,v,2.728207,1.797500
a,v,2.728686,1.798000
a,v,2.729166,1.798500
a,v,2.729646,1.799000
a,v,2.730126,1.799500
a,v,2.730606,1.800000
a,v,2.731085,1.800500
a,v,2.731565,1.801000
a,v,2.732045,1.801500
a,v,2.732525,1.802000
a,v,2.733005,1.802500
a,v,2.733485,1.803000
a,v,2.733965,1.803500
a,v,2.734444,1.804000
a,v,2.734924,1.804500
a,v,2.735404,1.805000
a,v,2.735884,1.805500
a,v,2.736364,1.806000
a,v,2.736844,1.806500
a,v,2.737324,1.807000
a,v,2.737804,1.807500
a,v,2.738284,1.808000
a,v,2.738764,1.808500
a,v,2.739244,1.809000
a,v,2.739724,1.809500
a,v,2.740205,1.810000
a,v,2.740685,1.810500
a,v,2.741165,1.811000
a,v,2.741645,1.811500
a,v,2.742125,1.812000
a,v,2.742605,1.812500
a,v,2.743085,1.813000
a,v,2.743566,1.813500
a,v,2.744046,1.814000
a,v,2.744526,1.814500
a,v,2.745006,1.815000
a,v,2.745487,1.815500
a,v,2.745967,1.816000
a,v,2.746447,1.816500
a,v,2.746927,1.817000
a,v,2.747408,1.817500
a,v,2.747888,1.818000
a,v,2.748368,1.818500
a,v,2.748849,1.819000
a,v,2.749329,1.819500
a,v,2.749809,1.820000
a,v,2.750290,1.820500
a,v,2.750770,1.821000
a,v,2.751251,1.821500
a,v,2.751731,1.822000
a,v,2.752212,1.822500
a,v,2.752692,1.823000
a,v,2.753173,1.823500
a,v,2.753653,1.824000
a,v,2.754134,1.824500
a,v,2.754614,1.825000
a,v,2.755095,1.825500
a,v,2.755575,1.826000
a,v,2.756056,1.826500
a,v,2.756536,1.827000
a,v,2.757017,1.827500
a,v,2.757498,1.828000
a,v,2.757978,1.828500
a,v,2.758459,1.829000
a,v,2.758939,1.829500
a,v,2.759420,1.830000
a,v,2.759901,1.830500
a,v,2.760381,1.831000
a,v,2.760862,1.831500
a,v,2.761343,1.832000
a,v,2.761824,1.832500
a,v,2.762304,1.833000
a,v,2.762785,1.833500
a,v,2.763266,1.834000
a,v,2.763747,1.834500
a,v,2.764228,1.835000
a,v,2.764708,1.835500
a,v,2.765189,1.836000
a,v,2.765670,1.836500
a,v,2.766151,1.837000
a,v,2.766632,1.837500
a,v,2.767113,1.838000
a,v,2.767594,1.838500
a,v,2.768075,1.839000
a,v,2.768555,1.839500
a,v,2.769036,1.840000
a,v,2.769517,1.840500
a,v,2.769998,1.841000
a,v,2.770479,1.841500
a,v,2.770960,1.842000
a,v,2.771441,1.842500
a,v,2.771922,1.843000
a,v,2.772403,1.843500
a,v,2.772885,1.844000
a,v,2.773366,1.844500
a,v,2.773847,1.845000
a,v,2.774328,1.845500
a,v,2.774809,1.846000
a,v,2.775290,1.846500
a,v,2.775771,1.847000
a,v,2.776252,1.847500
a,v,2.776733,1.848000
a,v,2.777215,1.848500
a,v,2.777696,1.849000
a,v,2.778177,1.849500
a,v,2.778658,1.850000
a,v,2.779140,1.850500
a,v,2.779621,1.851000
a,v,2.780102,1.851500
a,v,2.780583,1.852000
a,v,2.781065,1.852500
a,v,2.781546,1.853000
a,v,2.782027,1.853500
a,v,2.782509,1.854000
a,v,2.782990,1.854500
a,v,2.783471,1.855000
a,v,2.783953,1.855500
a,v,2.784434,1.856000
a,v,2.784915,1.856500
a,v,2.785397,1.857000
a,v,2.785878,1.857500
a,v,2.786360,1.858000
a,v,2.786841,1.858500
a,v,2.787323,1.859000
a,v,2.787804,1.859500
a,v,2.788286,1.860000
a,v,2.788767,1.860500
a,v,2.789249,1.861000
a,v,2.789730,1.861500
a,v,2.790212,1.862000
a,v,2.790693,1.862500
a,v,2.791175,1.863000
a,v,2.791656,1.863500
a,v,2.792138,1.864000
a,v,2.792620,1.864500
a,v,2.793101,1.865000
a,v,2.793583,1.865500
a,v,2.794065,1.866000
a,v,2.794546,1.866500
a,v,2.795028,1.867000
a,v,2.795510,1.867500
a,v,2.795991,1.868000
a,v,2.796473,1.868500
a,v,2.796955,1.869000
a,v,2.797437,1.869500
a,v,2.797918,1.870000
a,v,2.798400,1.870500
a,v,2.798882,1.871000
a,v,2.799364,1.871500
a,v,2.799845,1.872000
a,v,2.800327,1.872500
a,v,2.800809,1.873000
a,v,2.801291,1.873500
a,v,2.801773,1.874000
a,v,2.802255,1.874500
a,v,2.802737,1.875000
a,v,2.803219,1.875500
a,v,2.803700,1.876000
a,v,2.804182,1.876500
a,v,2.804664,1.877000
a,v,2.805146,1.877500
a,v,2.805628,1.878000
a,v,2.806110,1.878500
a,v,2.806592,1.879000
a,v,2.807074,1.879500
a,v,2.807556,1.880000
a,v,2.808038,1.880500
a,v,2.808520,1.881000
a,v,2.809002,1.881500
a,v,2.809484,1.882000
a,v,2.809967,1.882500
a,v,2.810449,1.883000
a,v,2.810931,1.883500
a,v,2.811413,1.884000
a,v,2.811895,1.884500
a,v,2.812377,1.885000
a,v,2.812859,1.885500
a,v,2.813341,1.886000
a,v,2.813824,1.886500
a,v,2.814306,1.887000
a,v,2.814788,1.887500
a,v,2.815270,1.888000
a,v,2.815753,1.888500
a,v,2.816235,1.889000
a,v,2.816717,1.889500
a,v,2.817199,1.890000
a,v,2.817682,1.890500
a,v,2.818164,1.891000
a,v,2.818646,1.891500
a,v,2.819129,1.892000
a,v,2.819611,1.892500
a,v,2.820093,1.893000
a,v,2.820576,1.893500
a,v,2.821058,1.894000
a,v,2.821540,1.894500
a,v,2.822023,1.895000
a,v,2.822505,1.895500
a,v,2.822988,1.896000
a,v,2.823470,1.896500
a,v,2.823952,1.897000
a,v,2.824435,1.897500
a,v,2.824917,1.898000
a,v,2.825400,1.898500
a,v,2.825882,1.899000
a,v,2.826365,1.899500
a,v,2.826847,1.900000
a,v,2.827330,1.900500
a,v,2.827812,1.901000
a,v,2.828295,1.901500
a,v,2.828778,1.902000
a,v,2.829260,1.902500
a,v,2.829743,1.903000
a,v,2.830225,1.903500
a,v,2.830708,1.904000
a,v,2.831191,1.904500
a,v,2.831673,1.905000
a,v,2.832156,1.905500
a,v,2.832639,1.906000
a,v,2.833121,1.906500
a,v,2.833604,1.907000
a,v,2.834087,1.907500
a,v,2.834569,1.908000
a,v,2.835052,1.908500
a,v,2.835535,1.909000
a,v,2.836018,1.909500
a,v,2.836500,1.910000
a,v,2.836983,1.910500
a,v,2.837466,1.911000
a,v,2.837949,1.911500
a,v,2.838432,1.912000
a,v,2.838915,1.912500
a,v,2.839397,1.913000
a,v,2.839880,1.913500
a,v,2.840363,1.914000
a,v,2.840846,1.914500
a,v,2.841329,1.915000
a,v,2.841812,1.915500
a,v,2.842295,1.916000
a,v,2.842778,1.916500
a,v,2.843261,1.917000
a,v,2.843743,1.917500
a,v,2.844226,1.918000
a,v,2.844709,1.918500
a,v,2.845192,1.919000
a,v,2.845675,1.919500
a,v,2.846158,1.920000
a,v,2.846641,1.920500
a,v,2.847124,1.921000
a,v,2.847608,1.921500
a,v,2.848091,1.922000
a,v,2.848574,1.922500
a,v,2.849057,1.923000
a,v,2.849540,1.923500
a,v,2.850023,1.924000
a,v,2.850506,1.924500
a,v,2.850989,1.925000
a,v,2.851472,1.925500
a,v,2.851955,1.926000
a,v,2.852439,1.926500
a,v,2.852922,1.927000
a,v,2.853405,1.927500
a,v,2.853888,1.928000
a,v,2.854371,1.928500
a,v,2.854855,1.929000
a,v,2.855338,1.929500
a,v,2.855821,1.930000
a,v,2.856304,1.930500
a,v,2.856788,1.931000
a,v,2.857271,1.931500
a,v,2.857754,1.932000
a,v,2.858238,1.932500
a,v,2.858721,1.933000
a,v,2.859204,1.933500
a,v,2.859688,1.934000
a,v,2.860171,1.934500
a,v,2.860654,1.935000
a,v,2.861138,1.935500
a,v,2.861621,1.936000
a,v,2.862104,1.936500
a,v,2.862588,1.937000
a,v,2.863071,1.937500
a,v,2.863555,1.938000
a,v,2.864038,1.938500
a,v,2.864522,1.939000
a,v,2.865005,1.939500
a,v,2.865489,1.940000
a,v,2.865972,1.940500
a,v,2.866456,1.941000
a,v,2.866939,1.941500
a,v,2.867423,1.942000
a,v,2.867906,1.942500
a,v,2.868390,1.943000
a,v,2.868873,1.943500
a,v,2.869357,1.944000
a,v,2.869840,1.944500
a,v,2.870324,1.945000
a,v,2.870808,1.945500
a,v,2.871291,1.946000
a,v,2.871775,1.946500
a,v,2.872259,1.947000
a,v,2.872742,1.947500
a,v,2.873226,1.948000
a,v,2.873710,1.948500
a,v,2.874193,1.949000
a,v,2.874677,1.949500
a,v,2.875161,1.950000
a,v,2.875644,1.950500
a,v,2.876128,1.951000
a,v,2.876612,1.951500
a,v,2.877096,1.952000
a,v,2.877579,1.952500
a,v,2.878063,1.953000
a,v,2.878547,1.953500
a,v,2.879031,1.954000
a,v,2.879514,1.954500
a,v,2.879998,1.955000
a,v,2.880482,1.955500
a,v,2.880966,1.956000
a,v,2.881450,1.956500
a,v,2.881934,1.957000
a,v,2.882418,1.957500
a,v,2.882901,1.958000
a,v,2.883385,1.958500
a,v,2.883869,1.959000
a,v,2.884353,1.959500
a,v,2.884837,1.960000
a,v,2.885321,1.960500
a,v,2.885805,1.961000
a,v,2.886289,1.961500
a,v,2.886773,1.962000
a,v,2.887257,1.962500
a,v,2.887741,1.963000
a,v,2.888225,1.963500
a,v,2.888709,1.964000
a,v,2.889193,1.964500
a,v,2.889677,1.965000
a,v,2.890161,1.965500
a,v,2.890645,1.966000
a,v,2.891129,1.966500
a,v,2.891613,1.967000
a,v,2.892097,1.967500
a,v,2.892582,1.968000
a,v,2.893066,1.968500
a,v,2.893550,1.969000
a,v,2.894034,1.969500
a,v,2.894518,1.970000
a,v,2.895002,1.970500
a,v,2.895486,1.971000
a,v,2.895971,1.971500
a,v,2.896455,1.972000
a,v,2.896939,1.972500
a,v,2.897423,1.973000
a,v,2.897908,1.973500
a,v,2.898392,1.974000
a,v,2.898876,1.974500
a,v,2.899360,1.975000
a,v,2.899845,1.975500
a,v,2.900329,1.976000
a,v,2.900813,1.976500
a,v,2.901297,1.977000
a,v,2.901782,1.977500
a,v,2.902266,1.978000
a,v,2.902750,1.978500
a,v,2.903235,1.979000
a,v,2.903719,1.979500
a,v,2.904204,1.980000
a,v,2.904688,1.980500
a,v,2.905172,1.981000
a,v,2.905657,1.981500
a,v,2.906141,1.982000
a,v,2.906626,1.982500
a,v,2.907110,1.983000
a,v,2.907594,1.983500
a,v,2.908079,1.984000
a,v,2.908563,1.984500
a,v,2.909048,1.985000
a,v,2.909532,1.985500
a,v,2.910017,1.986000
a,v,2.910501,1.986500
a,v,2.910986,1.987000
a,v,2.911470,1.987500
a,v,2.911955,1.988000
a,v,2.912439,1.988500
a,v,2.912924,1.989000
a,v,2.913409,1.989500
a,v,2.913893,1.990000
a,v,2.914378,1.990500
a,v,2.914862,1.991000
a,v,2.915347,1.991500
a,v,2.915832,1.992000
a,v,2.916316,1.992500
a,v,2.916801,1.993000
a,v,2.917286,1.993500
a,v,2.917770,1.994000
a,v,2.918255,1.994500
a,v,2.918740,1.995000
a,v,2.919224,1.995500
a,v,2.919709,1.996000
a,v,2.920194,1.996500
a,v,2.920678,1.997000
a,v,2.921163,1.997500
a,v,2.921648,1.998000
a,v,2.922133,1.998500
a,v,2.922617,1.999000
a,v,2.923102,1.999500
a,v,2.923587,2.000000
a,v,2.924072,2.000500
a,v,2.925041,2.001500
a,v,2.926011,2.002500
a,v,2.926981,2.003500
a,v,2.927951,2.004500
a,v,2.928920,2.005500
a,v,2.929890,2.006500
a,v,2.930860,2.007500
a,v,2.931830,2.008500
a,v,2.932800,2.009500
a,v,2.933770,2.010500
a,v,2.934740,2.011500
a,v,2.935710,2.012500
a,v,2.936680,2.013500
a,v,2.937650,2.014500
a,v,2.938621,2.015500
a,v,2.939591,2.016500
a,v,2.940561,2.017500
a,v,2.941531,2.018500
a,v,2.942502,2.019500
a,v,2.943472,2.020500
a,v,2.944443,2.021500
a,v,2.945413,2.022500
a,v,2.946384,2.023500
a,v,2.947354,2.024500
a,v,2.948325,2.025500
a,v,2.949296,2.026500
a,v,2.950266,2.027500
a,v,2.951237,2.028500
a,v,2.952208,2.029500
a,v,2.953178,2.030500
a,v,2.954149,2.031500
a,v,2.955120,2.032500
a,v,2.956091,2.033500
a,v,2.957062,2.034500
a,v,2.958033,2.035500
a,v,2.959004,2.036500
a,v,2.959975,2.037500
a,v,2.960946,2.038500
a,v,2.961917,2.039500
a,v,2.962889,2.040500
a,v,2.963860,2.041500
a,v,2.964831,2.042500
a,v,2.965802,2.043500
a,v,2.966774,2.044500
a,v,2.967745,2.045500
a,v,2.968717,2.046500
a,v,2.969688,2.047500
a,v,2.970660,2.048500
a,v,2.971631,2.049500
a,v,2.972603,2.050500
a,v,2.973574,2.051500
a,v,2.974546,2.052500
a,v,2.975518,2.053500
a,v,2.976489,2.054500
a,v,2.977461,2.055500
a,v,2.978433,2.056500
a,v,2.979405,2.057500
a,v,2.980377,2.058500
a,v,2.981349,2.059500
a,v,2.982320,2.060500
a,v,2.983292,2.061500
a,v,2.984264,2.062500
a,v,2.985237,2.063500
a,v,2.986209,2.064500
a,v,2.987181,2.065500
a,v,2.988153,2.066500
a,v,2.989125,2.067500
a,v,2.990097,2.068500
a,v,2.991070,2.069500
a,v,2.992042,2.070500
a,v,2.993014,2.071500
a,v,2.993987,2.072500
a,v,2.994959,2.073500
a,v,2.995932,2.074500
a,v,2.996904,2.075500
a,v,2.997877,2.076500
a,v,2.998849,2.077500
a,v,2.999822,2.078500
a,v,3.000794,2.079500
a,v,3.001767,2.080500
a,v,3.002740,2.081500
a,v,3.003713,2.082500
a,v,3.004685,2.083500
a,v,3.005658,2.084500
a,v,3.006631,2.085500
a,v,3.007604,2.086500
a,v,3.008577,2.087500
a,v,3.009550,2.088500
a,v,3.010523,2.089500
a,v,3.011496,2.090500
a,v,3.012469,2.091500
a,v,3.013442,2.092500
a,v,3.014415,2.093500
a,v,3.015388,2.094500
a,v,3.016362,2.095500
a,v,3.017335,2.096500
a,v,3.018308,2.097500
a,v,3.019282,2.098500
a,v,3.020255,2.099500
a,v,3.021228,2.100500
a,v,3.022202,2.101500
a,v,3.023175,2.102500
a,v,3.024149,2.103500
a,v,3.025122,2.104500
a,v,3.026096,2.105500
a,v,3.027069,2.106500
a,v,3.028043,2.107500
a,v,3.029017,2.108500
a,v,3.029990,2.109500
a,v,3.030964,2.110500
a,v,3.031938,2.111500
a,v,3.032912,2.112500
a,v,3.033885,2.113500
a,v,3.034859,2.114500
a,v,3.035833,2.115500
a,v,3.036807,2.116500
a,v,3.037781,2.117500
a,v,3.038755,2.118500
a,v,3.039729,2.119500
a,v,3.040703,2.120500
a,v,3.041677,2.121500
a,v,3.042652,2.122500
a,v,3.043626,2.123500
a,v,3.044600,2.124500
a,v,3.045574,2.125500
a,v,3.046548,2.126500
a,v,3.047523,2.127500
a,v,3.048497,2.128500
a,v,3.049471,2.129500
a,v,3.050446,2.130500
a,v,3.051420,2.131500
a,v,3.052395,2.132500
a,v,3.053369,2.133500
a,v,3.054344,2.134500
a,v,3.055318,2.135500
a,v,3.056293,2.136500
a,v,3.057268,2.137500
a,v,3.058242,2.138500
a,v,3.059217,2.139500
a,v,3.060192,2.140500
a,v,3.061166,2.141500
a,v,3.062141,2.142500
a,v,3.063116,2.143500
a,v,3.064091,2.144500
a,v,3.065066,2.145500
a,v,3.066041,2.146500
a,v,3.067016,2.147500
a,v,3.067991,2.148500
a,v,3.068966,2.149500
a,v,3.069941,2.150500
a,v,3.070916,2.151500
a,v,3.071891,2.152500
a,v,3.072866,2.153500
a,v,3.073841,2.154500
a,v,3.074817,2.155500
a,v,3.075792,2.156500
a,v,3.076767,2.157500
a,v,3.077742,2.158500
a,v,3.078718,2.159500
a,v,3.079693,2.160500
a,v,3.080669,2.161500
a,v,3.081644,2.162500
a,v,3.082619,2.163500
a,v,3.083595,2.164500
a,v,3.084570,2.165500
a,v,3.085546,2.166500
a,v,3.086522,2.167500
a,v,3.087497,2.168500
a,v,3.088473,2.169500
a,v,3.089449,2.170500
a,v,3.090424,2.171500
a,v,3.091400,2.172500
a,v,3.092376,2.173500
a,v,3.093352,2.174500
a,v,3.094327,2.175500
a,v,3.095303,2.176500
a,v,3.096279,2.177500
a,v,3.097255,2.178500
a,v,3.098231,2.179500
a,v,3.099207,2.180500
a,v,3.100183,2.181500
a,v,3.101159,2.182500
a,v,3.102135,2.183500
a,v,3.103111,2.184500
a,v,3.104088,2.185500
a,v,3.105064,2.186500
a,v,3.106040,2.187500
a,v,3.107016,2.188500
a,v,3.107992,2.189500
a,v,3.108969,2.190500
a,v,3.109945,2.191500
a,v,3.110921,2.192500
a,v,3.111898,2.193500
a,v,3.112874,2.194500
a,v,3.113851,2.195500
a,v,3.114827,2.196500
a,v,3.115804,2.197500
a,v,3.116780,2.198500
a,v,3.117757,2.199500
a,v,3.118733,2.200500
a,v,3.119710,2.201500
a,v,3.120687,2.202500
a,v,3.121663,2.203500
a,v,3.122640,2.204500
a,v,3.123617,2.205500
a,v,3.124593,2.206500
a,v,3.125570,2.207500
a,v,3.126547,2.208500
a,v,3.127524,2.209500
a,v,3.128501,2.210500
a,v,3.129478,2.211500
a,v,3.130455,2.212500
a,v,3.131432,2.213500
a,v,3.132409,2.214500
a,v,3.133386,2.215500
a,v,3.134363,2.216500
a,v,3.135340,2.217500
a,v,3.136317,2.218500
a,v,3.137294,2.219500
a,v,3.138271,2.220500
a,v,3.139248,2.221500
a,v,3.140226,2.222500
a,v,3.141203,2.223500
a,v,3.142180,2.224500
a,v,3.143158,2.225500
a,v,3.144135,2.226500
a,v,3.145112,2.227500
a,v,3.146090,2.228500
a,v,3.147067,2.229500
a,v,3.148045,2.230500
a,v,3.149022,2.231500
a,v,3.150000,2.232500
a,v,3.150977,2.233500
a,v,3.151955,2.234500
a,v,3.152932,2.235500
a,v,3.153910,2.236500
a,v,3.154888,2.237500
a,v,3.155865,2.238500
a,v,3.156843,2.239500
a,v,3.157821,2.240500
a,v,3.158798,2.241500
a,v,3.159776,2.242500
a,v,3.160754,2.243500
a,v,3.161732,2.244500
a,v,3.162710,2.245500
a,v,3.163688,2.246500
a,v,3.164666,2.247500
a,v,3.165643,2.248500
a,v,3.166621,2.249500
a,v,3.167599,2.250500
a,v,3.168578,2.251500
a,v,3.169556,2.252500
a,v,3.170534,2.253500
a,v,3.171512,2.254500
a,v,3.172490,2.255500
a,v,3.173468,2.256500
a,v,3.174446,2.257500
a,v,3.175425,2.258500
a,v,3.176403,2.259500
a,v,3.177381,2.260500
a,v,3.178359,2.261500
a,v,3.179338,2.262500
a,v,3.180316,2.263500
a,v,3.181294,2.264500
a,v,3.182273,2.265500
a,v,3.183251,2.266500
a,v,3.184230,2.267500
a,v,3.185208,2.268500
a,v,3.186187,2.269500
a,v,3.187165,2.270500
a,v,3.188144,2.271500
a,v,3.189122,2.272500
a,v,3.190101,2.273500
a,v,3.191080,2.274500
a,v,3.192058,2.275500
a,v,3.193037,2.276500
a,v,3.194016,2.277500
a,v,3.194995,2.278500
a,v,3.195973,2.279500
a,v,3.196952,2.280500
a,v,3.197931,2.281500
a,v,3.198910,2.282500
a,v,3.199889,2.283500
a,v,3.200868,2.284500
a,v,3.201847,2.285500
a,v,3.202826,2.286500
a,v,3.203805,2.287500
a,v,3.204784,2.288500
a,v,3.205763,2.289500
a,v,3.206742,2.290500
a,v,3.207721,2.291500
a,v,3.208700,2.292500
a,v,3.209679,2.293500
a,v,3.210658,2.294500
a,v,3.211637,2.295500
a,v,3.212617,2.296500
a,v,3.213596,2.297500
a,v,3.214575,2.298500
a,v,3.215554,2.299500
a,v,3.216534,2.300500
a,v,3.217513,2.301500
a,v,3.218492,2.302500
a,v,3.219472,2.303500
a,v,3.220451,2.304500
a,v,3.221431,2.305500
a,v,3.222410,2.306500
a,v,3.223390,2.307500
a,v,3.224369,2.308500
a,v,3.225349,2.309500
a,v,3.226328,2.310500
a,v,3.227308,2.311500
a,v,3.228287,2.312500
a,v,3.229267,2.313500
a,v,3.230247,2.314500
a,v,3.231226,2.315500
a,v,3.232206,2.316500
a,v,3.233186,2.317500
a,v,3.234166,2.318500
a,v,3.235145,2.319500
a,v,3.236125,2.320500
a,v,3.237105,2.321500
a,v,3.238085,2.322500
a,v,3.239065,2.323500
a,v,3.240045,2.324500
a,v,3.241025,2.325500
a,v,3.242005,2.326500
a,v,3.242985,2.327500
a,v,3.243965,2.328500
a,v,3.244945,2.329500
a,v,3.245925,2.330500
a,v,3.246905,2.331500
a,v,3.247885,2.332500
a,v,3.248865,2.333500
a,v,3.249845,2.334500
a,v,3.250825,2.335500
a,v,3.251805,2.336500
a,v,3.252786,2.337500
a,v,3.253766,2.338500
a,v,3.254746,2.339500
a,v,3.255726,2.340500
a,v,3.256707,2.341500
a,v,3.257687,2.342500
a,v,3.258667,2.343500
a,v,3.259648,2.344500
a,v,3.260628,2.345500
a,v,3.261609,2.346500
a,v,3.262589,2.347500
a,v,3.263570,2.348500
a,v,3.264550,2.349500
a,v,3.265531,2.350500
a,v,3.266511,2.351500
a,v,3.267492,2.352500
a,v,3.268472,2.353500
a,v,3.269453,2.354500
a,v,3.270434,2.355500
a,v,3.271414,2.356500
a,v,3.272395,2.357500
a,v,3.273376,2.358500
a,v,3.274356,2.359500
a,v,3.275337,2.360500
a,v,3.276318,2.361500
a,v,3.277299,2.362500
a,v,3.278280,2.363500
a,v,3.279260,2.364500
a,v,3.280241,2.365500
a,v,3.281222,2.366500
a,v,3.282203,2.367500
a,v,3.283184,2.368500
a,v,3.284165,2.369500
a,v,3.285146,2.370500
a,v,3.286127,2.371500
a,v,3.287108,2.372500
a,v,3.288089,2.373500
a,v,3.289070,2.374500
a,v,3.290051,2.375500
a,v,3.291032,2.376500
a,v,3.292013,2.377500
a,v,3.292995,2.378500
a,v,3.293976,2.379500
a,v,3.294957,2.380500
a,v,3.295938,2.381500
a,v,3.296920,2.382500
a,v,3.297901,2.383500
a,v,3.298882,2.384500
a,v,3.299863,2.385500
a,v,3.300845,2.386500
a,v,3.301826,2.387500
a,v,3.302808,2.388500
a,v,3.303789,2.389500
a,v,3.304770,2.390500
a,v,3.305752,2.391500
a,v,3.306733,2.392500
a,v,3.307715,2.393500
a,v,3.308696,2.394500
a,v,3.309678,2.395500
a,v,3.310659,2.396500
a,v,3.311641,2.397500
a,v,3.312623,2.398500
a,v,3.313604,2.399500
a,v,3.314586,2.400500
a,v,3.315567,2.401500
a,v,3.316549,2.402500
a,v,3.317531,2.403500
a,v,3.318513,2.404500
a,v,3.319494,2.405500
a,v,3.320476,2.406500
a,v,3.321458,2.407500
a,v,3.322440,2.408500
a,v,3.323422,2.409500
a,v,3.324403,2.410500
a,v,3.325385,2.411500
a,v,3.326367,2.412500
a,v,3.327349,2.413500
a,v,3.328331,2.414500
a,v,3.329313,2.415500
a,v,3.330295,2.416500
a,v,3.331277,2.417500
a,v,3.332259,2.418500
a,v,3.333241,2.419500
a,v,3.334223,2.420500
a,v,3.335205,2.421500
a,v,3.336187,2.422500
a,v,3.337170,2.423500
a,v,3.338152,2.424500
a,v,3.339134,2.425500
a,v,3.340116,2.426500
a,v,3.341098,2.427500
a,v,3.342081,2.428500
a,v,3.343063,2.429500
a,v,3.344045,2.430500
a,v,3.345027,2.431500
a,v,3.346010,2.432500
a,v,3.346992,2.433500
a,v,3.347974,2.434500
a,v,3.348957,2.435500
a,v,3.349939,2.436500
a,v,3.350922,2.437500
a,v,3.351904,2.438500
a,v,3.352887,2.439500
a,v,3.353869,2.440500
a,v,3.354851,2.441500
a,v,3.355834,2.442500
a,v,3.356817,2.443500
a,v,3.357799,2.444500
a,v,3.358782,2.445500
a,v,3.359764,2.446500
a,v,3.360747,2.447500
a,v,3.361730,2.448500
a,v,3.362712,2.449500
a,v,3.363695,2.450500
a,v,3.364678,2.451500
a,v,3.365660,2.452500
a,v,3.366643,2.453500
a,v,3.367626,2.454500
a,v,3.368609,2.455500
a,v,3.369591,2.456500
a,v,3.370574,2.457500
a,v,3.371557,2.458500
a,v,3.372540,2.459500
a,v,3.373523,2.460500
a,v,3.374506,2.461500
a,v,3.375489,2.462500
a,v,3.376472,2.463500
a,v,3.377455,2.464500
a,v,3.378438,2.465500
a,v,3.379421,2.466500
a,v,3.380404,2.467500
a,v,3.381387,2.468500
a,v,3.382370,2.469500
a,v,3.383353,2.470500
a,v,3.384336,2.471500
a,v,3.385319,2.472500
a,v,3.386302,2.473500
a,v,3.387285,2.474500
a,v,3.388269,2.475500
a,v,3.389252,2.476500
a,v,3.390235,2.477500
a,v,3.391218,2.478500
a,v,3.392201,2.479500
a,v,3.393185,2.480500
a,v,3.394168,2.481500
a,v,3.395151,2.482500
a,v,3.396135,2.483500
a,v,3.397118,2.484500
a,v,3.398101,2.485500
a,v,3.399085,2.486500
a,v,3.400068,2.487500
a,v,3.401052,2.488500
a,v,3.402035,2.489500
a,v,3.403018,2.490500
a,v,3.404002,2.491500
a,v,3.404985,2.492500
a,v,3.405969,2.493500
a,v,3.406953,2.494500
a,v,3.407936,2.495500
a,v,3.408920,2.496500
a,v,3.409903,2.497500
a,v,3.410887,2.498500
a,v,3.411870,2.499500
a,v,3.412854,2.500500
a,v,3.413838,2.501500
a,v,3.414822,2.502500
a,v,3.415805,2.503500
a,v,3.416789,2.504500
a,v,3.417773,2.505500
a,v,3.418756,2.506500
a,v,3.419740,2.507500
a,v,3.420724,2.508500
a,v,3.421708,2.509500
a,v,3.422692,2.510500
a,v,3.423676,2.511500
a,v,3.424659,2.512500
a,v,3.425643,2.513500
a,v,3.426627,2.514500
a,v,3.427611,2.515500
a,v,3.428595,2.516500
a,v,3.429579,2.517500
a,v,3.430563,2.518500
a,v,3.431547,2.519500
a,v,3.432531,2.520500
a,v,3.433515,2.521500
a,v,3.434499,2.522500
a,v,3.435483,2.523500
a,v,3.436467,2.524500
a,v,3.437451,2.525500
a,v,3.438436,2.526500
a,v,3.439420,2.527500
a,v,3.440404,2.528500
a,v,3.441388,2.529500
a,v,3.442372,2.530500
a,v,3.443356,2.531500
a,v,3.444341,2.532500
a,v,3.445325,2.533500
a,v,3.446309,2.534500
a,v,3.447293,2.535500
a,v,3.448278,2.536500
a,v,3.449262,2.537500
a,v,3.450246,2.538500
a,v,3.451231,2.539500
a,v,3.452215,2.540500
a,v,3.453200,2.541500
a,v,3.454184,2.542500
a,v,3.455168,2.543500
a,v,3.456153,2.544500
a,v,3.457137,2.545500
a,v,3.458122,2.546500
a,v,3.459106,2.547500
a,v,3.460091,2.548500
a,v,3.461075,2.549500
a,v,3.462060,2.550500
a,v,3.463044,2.551500
a,v,3.464029,2.552500
a,v,3.465014,2.553500
a,v,3.465998,2.554500
a,v,3.466983,2.555500
a,v,3.467968,2.556500
a,v,3.468952,2.557500
a,v,3.469937,2.558500
a,v,3.470922,2.559500
a,v,3.471906,2.560500
a,v,3.472891,2.561500
a,v,3.473876,2.562500
a,v,3.474861,2.563500
a,v,3.475845,2.564500
a,v,3.476830,2.565500
a,v,3.477815,2.566500
a,v,3.478800,2.567500
a,v,3.479785,2.568500
a,v,3.480770,2.569500
a,v,3.481755,2.570500
a,v,3.482739,2.571500
a,v,3.483724,2.572500
a,v,3.484709,2.573500
a,v,3.485694,2.574500
a,v,3.486679,2.575500
a,v,3.487664,2.576500
a,v,3.488649,2.577500
a,v,3.489634,2.578500
a,v,3.490619,2.579500
a,v,3.491604,2.580500
a,v,3.492589,2.581500
a,v,3.493575,2.582500
a,v,3.494560,2.583500
a,v,3.495545,2.584500
a,v,3.496530,2.585500
a,v,3.497515,2.586500
a,v,3.498500,2.587500
a,v,3.499485,2.588500
a,v,3.500471,2.589500
a,v,3.501456,2.590500
a,v,3.502441,2.591500
a,v,3.503426,2.592500
a,v,3.504412,2.593500
a,v,3.505397,2.594500
a,v,3.506382,2.595500
a,v,3.507368,2.596500
a,v,3.508353,2.597500
a,v,3.509338,2.598500
a,v,3.510324,2.599500
a,v,3.511309,2.600500
a,v,3.512294,2.601500
a,v,3.513280,2.602500
a,v,3.514265,2.603500
a,v,3.515251,2.604500
a,v,3.516236,2.605500
a,v,3.517222,2.606500
a,v,3.518207,2.607500
a,v,3.519193,2.608500
a,v,3.520178,2.609500
a,v,3.521164,2.610500
a,v,3.522149,2.611500
a,v,3.523135,2.612500
a,v,3.524121,2.613500
a,v,3.525106,2.614500
a,v,3.526092,2.615500
a,v,3.527077,2.616500
a,v,3.528063,2.617500
a,v,3.529049,2.618500
a,v,3.530034,2.619500
a,v,3.531020,2.620500
a,v,3.532006,2.621500
a,v,3.532992,2.622500
a,v,3.533977,2.623500
a,v,3.534963,2.624500
a,v,3.535949,2.625500
a,v,3.536935,2.626500
a,v,3.537921,2.627500
a,v,3.538906,2.628500
a,v,3.539892,2.629500
a,v,3.540878,2.630500
a,v,3.541864,2.631500
a,v,3.542850,2.632500
a,v,3.543836,2.633500
a,v,3.544822,2.634500
a,v,3.545808,2.635500
a,v,3.546794,2.636500
a,v,3.547780,2.637500
a,v,3.548766,2.638500
a,v,3.549752,2.639500
a,v,3.550738,2.640500
a,v,3.551724,2.641500
a,v,3.552710,2.642500
a,v,3.553696,2.643500
a,v,3.554682,2.644500
a,v,3.555668,2.645500
a,v,3.556654,2.646500
a,v,3.557640,2.647500
a,v,3.558626,2.648500
a,v,3.559612,2.649500
a,v,3.560599,2.650500
a,v,3.561585,2.651500
a,v,3.562571,2.652500
a,v,3.563557,2.653500
a,v,3.564543,2.654500
a,v,3.565530,2.655500
a,v,3.566516,2.656500
a,v,3.567502,2.657500
a,v,3.568488,2.658500
a,v,3.569475,2.659500
a,v,3.570461,2.660500
a,v,3.571447,2.661500
a,v,3.572434,2.662500
a,v,3.573420,2.663500
a,v,3.574407,2.664500
a,v,3.575393,2.665500
a,v,3.576379,2.666500
a,v,3.577366,2.667500
a,v,3.578352,2.668500
a,v,3.579339,2.669500
a,v,3.580325,2.670500
a,v,3.581312,2.671500
a,v,3.582298,2.672500
a,v,3.583285,2.673500
a,v,3.584271,2.674500
a,v,3.585258,2.675500
a,v,3.586244,2.676500
a,v,3.587231,2.677500
a,v,3.588217,2.678500
a,v,3.589204,2.679500
a,v,3.590191,2.680500
a,v,3.591177,2.681500
a,v,3.592164,2.682500
a,v,3.593150,2.683500
a,v,3.594137,2.684500
a,v,3.595124,2.685500
a,v,3.596111,2.686500
a,v,3.597097,2.687500
a,v,3.598084,2.688500
a,v,3.599071,2.689500
a,v,3.600057,2.690500
a,v,3.601044,2.691500
a,v,3.602031,2.692500
a,v,3.603018,2.693500
a,v,3.604005,2.694500
a,v,3.604991,2.695500
a,v,3.605978,2.696500
a,v,3.606965,2.697500
a,v,3.607952,2.698500
a,v,3.608939,2.699500
a,v,3.609926,2.700500
a,v,3.610913,2.701500
a,v,3.611900,2.702500
a,v,3.612887,2.703500
a,v,3.613874,2.704500
a,v,3.614861,2.705500
a,v,3.615847,2.706500
a,v,3.616834,2.707500
a,v,3.617822,2.708500
a,v,3.618809,2.709500
a,v,3.619796,2.710500
a,v,3.620783,2.711500
a,v,3.621770,2.712500
a,v,3.622757,2.713500
a,v,3.623744,2.714500
a,v,3.624731,2.715500
a,v,3.625718,2.716500
a,v,3.626705,2.717500
a,v,3.627692,2.718500
a,v,3.628680,2.719500
a,v,3.629667,2.720500
a,v,3.630654,2.721500
a,v,3.631641,2.722500
a,v,3.632628,2.723500
a,v,3.633616,2.724500
a,v,3.634603,2.725500
a,v,3.635590,2.726500
a,v,3.636577,2.727500
a,v,3.637565,2.728500
a,v,3.638552,2.729500
a,v,3.639539,2.730500
a,v,3.640527,2.731500
a,v,3.641514,2.732500
a,v,3.642501,2.733500
a,v,3.643489,2.734500
a,v,3.644476,2.735500
a,v,3.645463,2.736500
a,v,3.646451,2.737500
a,v,3.647438,2.738500
a,v,3.648426,2.739500
a,v,3.649413,2.740500
a,v,3.650401,2.741500
a,v,3.651388,2.742500
a,v,3.652376,2.743500
a,v,3.653363,2.744500
a,v,3.654351,2.745500
a,v,3.655338,2.746500
a,v,3.656326,2.747500
a,v,3.657313,2.748500
a,v,3.658301,2.749500
a,v,3.659288,2.750500
a,v,3.660276,2.751500
a,v,3.661263,2.752500
a,v,3.662251,2.753500
a,v,3.663239,2.754500
a,v,3.664226,2.755500
a,v,3.665214,2.756500
a,v,3.666202,2.757500
a,v,3.667189,2.758500
a,v,3.668177,2.759500
a,v,3.669165,2.760500
a,v,3.670153,2.761500
a,v,3.671140,2.762500
a,v,3.672128,2.763500
a,v,3.673116,2.764500
a,v,3.674104,2.765500
a,v,3.675091,2.766500
a,v,3.676079,2.767500
a,v,3.677067,2.768500
a,v,3.678055,2.769500
a,v,3.679043,2.770500
a,v,3.680030,2.771500
a,v,3.681018,2.772500
a,v,3.682006,2.773500
a,v,3.682994,2.774500
a,v,3.683982,2.775500
a,v,3.684970,2.776500
a,v,3.685958,2.777500
a,v,3.686946,2.778500
a,v,3.687934,2.779500
a,v,3.688922,2.780500
a,v,3.689910,2.781500
a,v,3.690898,2.782500
a,v,3.691886,2.783500
a,v,3.692874,2.784500
a,v,3.693862,2.785500
a,v,3.694850,2.786500
a,v,3.695838,2.787500
a,v,3.696826,2.788500
a,v,3.697814,2.789500
a,v,3.698802,2.790500
a,v,3.699790,2.791500
a,v,3.700778,2.792500
a,v,3.701766,2.793500
a,v,3.702755,2.794500
a,v,3.703743,2.795500
a,v,3.704731,2.796500
a,v,3.705719,2.797500
a,v,3.706707,2.798500
a,v,3.707695,2.799500
a,v,3.708684,2.800500
a,v,3.709672,2.801500
a,v,3.710660,2.802500
a,v,3.711648,2.803500
a,v,3.712637,2.804500
a,v,3.713625,2.805500
a,v,3.714613,2.806500
a,v,3.715602,2.807500
a,v,3.716590,2.808500
a,v,3.717578,2.809500
a,v,3.718567,2.810500
a,v,3.719555,2.811500
a,v,3.720543,2.812500
a,v,3.721532,2.813500
a,v,3.722520,2.814500
a,v,3.723508,2.815500
a,v,3.724497,2.816500
a,v,3.725485,2.817500
a,v,3.726474,2.818500
a,v,3.727462,2.819500
a,v,3.728451,2.820500
a,v,3.729439,2.821500
a,v,3.730428,2.822500
a,v,3.731416,2.823500
a,v,3.732405,2.824500
a,v,3.733393,2.825500
a,v,3.734382,2.826500
a,v,3.735370,2.827500
a,v,3.736359,2.828500
a,v,3.737347,2.829500
a,v,3.738336,2.830500
a,v,3.739325,2.831500
a,v,3.740313,2.832500
a,v,3.741302,2.833500
a,v,3.742290,2.834500
a,v,3.743279,2.835500
a,v,3.744268,2.836500
a,v,3.745256,2.837500
a,v,3.746245,2.838500
a,v,3.747234,2.839500
a,v,3.748222,2.840500
a,v,3.749211,2.841500
a,v,3.750200,2.842500
a,v,3.751189,2.843500
a,v,3.752177,2.844500
a,v,3.753166,2.845500
a,v,3.754155,2.846500
a,v,3.755144,2.847500
a,v,3.756132,2.848500
a,v,3.757121,2.849500
a,v,3.758110,2.850500
a,v,3.759099,2.851500
a,v,3.760088,2.852500
a,v,3.761077,2.853500
a,v,3.762065,2.854500
a,v,3.763054,2.855500
a,v,3.764043,2.856500
a,v,3.765032,2.857500
a,v,3.766021,2.858500
a,v,3.767010,2.859500
a,v,3.767999,2.860500
a,v,3.768988,2.861500
a,v,3.769977,2.862500
a,v,3.770966,2.863500
a,v,3.771955,2.864500
a,v,3.772944,2.865500
a,v,3.773933,2.866500
a,v,3.774922,2.867500
a,v,3.775911,2.868500
a,v,3.776900,2.869500
a,v,3.777889,2.870500
a,v,3.778878,2.871500
a,v,3.779867,2.872500
a,v,3.780856,2.873500
a,v,3.781845,2.874500
a,v,3.782834,2.875500
a,v,3.783823,2.876500
a,v,3.784812,2.877500
a,v,3.785801,2.878500
a,v,3.786791,2.879500
a,v,3.787780,2.880500
a,v,3.788769,2.881500
a,v,3.789758,2.882500
a,v,3.790747,2.883500
a,v,3.791737,2.884500
a,v,3.792726,2.885500
a,v,3.793715,2.886500
a,v,3.794704,2.887500
a,v,3.795693,2.888500
a,v,3.796683,2.889500
a,v,3.797672,2.890500
a,v,3.798661,2.891500
a,v,3.799651,2.892500
a,v,3.800640,2.893500
a,v,3.801629,2.894500
a,v,3.802618,2.895500
a,v,3.803608,2.896500
a,v,3.804597,2.897500
a,v,3.805586,2.898500
a,v,3.806576,2.899500
a,v,3.807565,2.900500
a,v,3.808555,2.901500
a,v,3.809544,2.902500
a,v,3.810533,2.903500
a,v,3.811523,2.904500
a,v,3.812512,2.905500
a,v,3.813502,2.906500
a,v,3.814491,2.907500
a,v,3.815481,2.908500
a,v,3.816470,2.909500
a,v,3.817460,2.910500
a,v,3.818449,2.911500
a,v,3.819439,2.912500
a,v,3.820428,2.913500
a,v,3.821418,2.914500
a,v,3.822407,2.915500
a,v,3.823397,2.916500
a,v,3.824386,2.917500
a,v,3.825376,2.918500
a,v,3.826365,2.919500
a,v,3.827355,2.920500
a,v,3.828345,2.921500
a,v,3.829334,2.922500
a,v,3.830324,2.923500
a,v,3.831313,2.924500
a,v,3.832303,2.925500
a,v,3.833293,2.926500
a,v,3.834282,2.927500
a,v,3.835272,2.928500
a,v,3.836262,2.929500
a,v,3.837251,2.930500
a,v,3.838241,2.931500
a,v,3.839231,2.932500
a,v,3.840221,2.933500
a,v,3.841210,2.934500
a,v,3.842200,2.935500
a,v,3.843190,2.936500
a,v,3.844180,2.937500
a,v,3.845169,2.938500
a,v,3.846159,2.939500
a,v,3.847149,2.940500
a,v,3.848139,2.941500
a,v,3.849129,2.942500
a,v,3.850118,2.943500
a,v,3.851108,2.944500
a,v,3.852098,2.945500
a,v,3.853088,2.946500
a,v,3.854078,2.947500
a,v,3.855068,2.948500
a,v,3.856058,2.949500
a,v,3.857048,2.950500
a,v,3.858037,2.951500
a,v,3.859027,2.952500
a,v,3.860017,2.953500
a,v,3.861007,2.954500
a,v,3.861997,2.955500
a,v,3.862987,2.956500
a,v,3.863977,2.957500
a,v,3.864967,2.958500
a,v,3.865957,2.959500
a,v,3.866947,2.960500
a,v,3.867937,2.961500
a,v,3.868927,2.962500
a,v,3.869917,2.963500
a,v,3.870907,2.964500
a,v,3.871897,2.965500
a,v,3.872887,2.966500
a,v,3.873877,2.967500
a,v,3.874868,2.968500
a,v,3.875858,2.969500
a,v,3.876848,2.970500
a,v,3.877838,2.971500
a,v,3.878828,2.972500
a,v,3.879818,2.973500
a,v,3.880808,2.974500
a,v,3.881798,2.975500
a,v,3.882789,2.976500
a,v,3.883779,2.977500
a,v,3.884769,2.978500
a,v,3.885759,2.979500
a,v,3.886749,2.980500
a,v,3.887740,2.981500
a,v,3.888730,2.982500
a,v,3.889720,2.983500
a,v,3.890710,2.984500
a,v,3.891700,2.985500
a,v,3.892691,2.986500
a,v,3.893681,2.987500
a,v,3.894671,2.988500
a,v,3.895662,2.989500
a,v,3.896652,2.990500
a,v,3.897642,2.991500
a,v,3.898632,2.992500
a,v,3.899623,2.993500
a,v,3.900613,2.994500
a,v,3.901604,2.995500
a,v,3.902594,2.996500
a,v,3.903584,2.997500
a,v,3.904575,2.998500
a,v,3.905565,2.999500
a,v,3.906555,3.000500
a,v,3.907546,3.001500
a,v,3.908536,3.002500
a,v,3.909527,3.003500
a,v,3.910517,3.004500
a,v,3.911508,3.005500
a,v,3.912498,3.006500
a,v,3.913488,3.007500
a,v,3.914479,3.008500
a,v,3.915469,3.009500
a,v,3.916460,3.010500
a,v,3.917450,3.011500
a,v,3.918441,3.012500
a,v,3.919431,3.013500
a,v,3.920422,3.014500
a,v,3.921412,3.015500
a,v,3.922403,3.016500
a,v,3.923394,3.017500
a,v,3.924384,3.018500
a,v,3.925375,3.019500
a,v,3.926365,3.020500
a,v,3.927356,3.021500
a,v,3.928347,3.022500
a,v,3.929337,3.023500
a,v,3.930328,3.024500
a,v,3.931318,3.025500
a,v,3.932309,3.026500
a,v,3.933300,3.027500
a,v,3.934290,3.028500
a,v,3.935281,3.029500
a,v,3.936272,3.030500
a,v,3.937262,3.031500
a,v,3.938253,3.032500
a,v,3.939244,3.033500
a,v,3.940234,3.034500
a,v,3.941225,3.035500
a,v,3.942216,3.036500
a,v,3.943207,3.037500
a,v,3.944197,3.038500
a,v,3.945188,3.039500
a,v,3.946179,3.040500
a,v,3.947170,3.041500
a,v,3.948161,3.042500
a,v,3.949151,3.043500
a,v,3.950142,3.044500
a,v,3.951133,3.045500
a,v,3.952124,3.046500
a,v,3.953115,3.047500
a,v,3.954105,3.048500
a,v,3.955096,3.049500
a,v,3.956087,3.050500
a,v,3.957078,3.051500
a,v,3.958069,3.052500
a,v,3.959060,3.053500
a,v,3.960051,3.054500
a,v,3.961042,3.055500
a,v,3.962033,3.056500
a,v,3.963023,3.057500
a,v,3.964014,3.058500
a,v,3.965005,3.059500
a,v,3.965996,3.060500
a,v,3.966987,3.061500
a,v,3.967978,3.062500
a,v,3.968969,3.063500
a,v,3.969960,3.064500
a,v,3.970951,3.065500
a,v,3.971942,3.066500
a,v,3.972933,3.067500
a,v,3.973924,3.068500
a,v,3.974915,3.069500
a,v,3.975906,3.070500
a,v,3.976897,3.071500
a,v,3.977888,3.072500
a,v,3.978879,3.073500
a,v,3.979871,3.074500
a,v,3.980862,3.075500
a,v,3.981853,3.076500
a,v,3.982844,3.077500
a,v,3.983835,3.078500
a,v,3.984826,3.079500
a,v,3.985817,3.080500
a,v,3.986808,3.081500
a,v,3.987799,3.082500
a,v,3.988791,3.083500
a,v,3.989782,3.084500
a,v,3.990773,3.085500
a,v,3.991764,3.086500
a,v,3.992755,3.087500
a,v,3.993746,3.088500
a,v,3.994738,3.089500
a,v,3.995729,3.090500
a,v,3.996720,3.091500
a,v,3.997711,3.092500
a,v,3.998703,3.093500
a,v,3.999694,3.094500
a,v,4.000685,3.095500
a,v,4.001676,3.096500
a,v,4.002668,3.097500
a,v,4.003659,3.098500
a,v,4.004650,3.099500
a,v,4.005642,3.100500
a,v,4.006633,3.101500
a,v,4.007624,3.102500
a,v,4.008615,3.103500
a,v,4.009607,3.104500
a,v,4.010598,3.105500
a,v,4.011589,3.106500
a,v,4.012581,3.107500
a,v,4.013572,3.108500
a,v,4.014564,3.109500
a,v,4.015555,3.110500
a,v,4.016546,3.111500
a,v,4.017538,3.112500
a,v,4.018529,3.113500
a,v,4.019521,3.114500
a,v,4.020512,3.115500
a,v,4.021503,3.116500
a,v,4.022495,3.117500
a,v,4.023486,3.118500
a,v,4.024478,3.119500
a,v,4.025469,3.120500
a,v,4.026461,3.121500
a,v,4.027452,3.122500
a,v,4.028444,3.123500
a,v,4.029435,3.124500
a,v,4.030427,3.125500
a,v,4.031418,3.126500
a,v,4.032410,3.127500
a,v,4.033401,3.128500
a,v,4.034393,3.129500
a,v,4.035384,3.130500
a,v,4.036376,3.131500
a,v,4.037368,3.132500
a,v,4.038359,3.133500
a,v,4.039351,3.134500
a,v,4.040342,3.135500
a,v,4.041334,3.136500
a,v,4.042325,3.137500
a,v,4.043317,3.138500
a,v,4.044309,3.139500
a,v,4.045300,3.140500
a,v,4.046292,3.141500
a,v,4.047284,3.142500
a,v,4.048275,3.143500
a,v,4.049267,3.144500
a,v,4.050259,3.145500
a,v,4.051250,3.146500
a,v,4.052242,3.147500
a,v,4.053234,3.148500
a,v,4.054225,3.149500
a,v,4.055217,3.150500
a,v,4.056209,3.151500
a,v,4.057201,3.152500
a,v,4.058192,3.153500
a,v,4.059184,3.154500
a,v,4.060176,3.155500
a,v,4.061168,3.156500
a,v,4.062159,3.157500
a,v,4.063151,3.158500
a,v,4.064143,3.159500
a,v,4.065135,3.160500
a,v,4.066126,3.161500
a,v,4.067118,3.162500
a,v,4.068110,3.163500
a,v,4.069102,3.164500
a,v,4.070094,3.165500
a,v,4.071086,3.166500
a,v,4.072077,3.167500
a,v,4.073069,3.168500
a,v,4.074061,3.169500
a,v,4.075053,3.170500
a,v,4.076045,3.171500
a,v,4.077037,3.172500
a,v,4.078029,3.173500
a,v,4.079021,3.174500
a,v,4.080012,3.175500
a,v,4.081004,3.176500
a,v,4.081996,3.177500
a,v,4.082988,3.178500
a,v,4.083980,3.179500
a,v,4.084972,3.180500
a,v,4.085964,3.181500
a,v,4.086956,3.182500
a,v,4.087948,3.183500
a,v,4.088940,3.184500
a,v,4.089932,3.185500
a,v,4.090924,3.186500
a,v,4.091916,3.187500
a,v,4.092908,3.188500
a,v,4.093900,3.189500
a,v,4.094892,3.190500
a,v,4.095884,3.191500
a,v,4.096876,3.192500
a,v,4.097868,3.193500
a,v,4.098860,3.194500
a,v,4.099852,3.195500
a,v,4.100844,3.196500
a,v,4.101836,3.197500
a,v,4.102828,3.198500
a,v,4.103821,3.199500
a,v,4.104813,3.200500
a,v,4.105805,3.201500
a,v,4.106797,3.202500
a,v,4.107789,3.203500
a,v,4.108781,3.204500
a,v,4.109773,3.205500
a,v,4.110765,3.206500
a,v,4.111758,3.207500
a,v,4.112750,3.208500
a,v,4.113742,3.209500
a,v,4.114734,3.210500
a,v,4.115726,3.211500
a,v,4.116718,3.212500
a,v,4.117711,3.213500
a,v,4.118703,3.214500
a,v,4.119695,3.215500
a,v,4.120687,3.216500
a,v,4.121679,3.217500
a,v,4.122672,3.218500
a,v,4.123664,3.219500
a,v,4.124656,3.220500
a,v,4.125648,3.221500
a,v,4.126641,3.222500
a,v,4.127633,3.223500
a,v,4.128625,3.224500
a,v,4.129618,3.225500
a,v,4.130610,3.226500
a,v,4.131602,3.227500
a,v,4.132594,3.228500
a,v,4.133587,3.229500
a,v,4.134579,3.230500
a,v,4.135571,3.231500
a,v,4.136564,3.232500
a,v,4.137556,3.233500
a,v,4.138548,3.234500
a,v,4.139541,3.235500
a,v,4.140533,3.236500
a,v,4.141526,3.237500
a,v,4.142518,3.238500
a,v,4.143510,3.239500
a,v,4.144503,3.240500
a,v,4.145495,3.241500
a,v,4.146488,3.242500
a,v,4.147480,3.243500
a,v,4.148472,3.244500
a,v,4.149465,3.245500
a,v,4.150457,3.246500
a,v,4.151450,3.247500
a,v,4.152442,3.248500
a,v,4.153435,3.249500
a,v,4.154427,3.250500
a,v,4.155420,3.251500
a,v,4.156412,3.252500
a,v,4.157405,3.253500
a,v,4.158397,3.254500
a,v,4.159390,3.255500
a,v,4.160382,3.256500
a,v,4.161375,3.257500
a,v,4.162367,3.258500
a,v,4.163360,3.259500
a,v,4.164352,3.260500
a,v,4.165345,3.261500
a,v,4.166337,3.262500
a,v,4.167330,3.263500
a,v,4.168322,3.264500
a,v,4.169315,3.265500
a,v,4.170308,3.266500
a,v,4.171300,3.267500
a,v,4.172293,3.268500
a,v,4.173285,3.269500
a,v,4.174278,3.270500
a,v,4.175271,3.271500
a,v,4.176263,3.272500
a,v,4.177256,3.273500
a,v,4.178248,3.274500
a,v,4.179241,3.275500
a,v,4.180234,3.276500
a,v,4.181226,3.277500
a,v,4.182219,3.278500
a,v,4.183212,3.279500
a,v,4.184204,3.280500
a,v,4.185197,3.281500
a,v,4.186190,3.282500
a,v,4.187182,3.283500
a,v,4.188175,3.284500
a,v,4.189168,3.285500
a,v,4.190161,3.286500
a,v,4.191153,3.287500
a,v,4.192146,3.288500
a,v,4.193139,3.289500
a,v,4.194131,3.290500
a,v,4.195124,3.291500
a,v,4.196117,3.292500
a,v,4.197110,3.293500
a,v,4.198103,3.294500
a,v,4.199095,3.295500
a,v,4.200088,3.296500
a,v,4.201081,3.297500
a,v,4.202074,3.298500
a,v,4.203067,3.299500
a,v,4.204059,3.300500
a,v,4.205052,3.301500
a,v,4.206045,3.302500
a,v,4.207038,3.303500
a,v,4.208031,3.304500
a,v,4.209023,3.305500
a,v,4.210016,3.306500
a,v,4.211009,3.307500
a,v,4.212002,3.308500
a,v,4.212995,3.309500
a,v,4.213988,3.310500
a,v,4.214981,3.311500
a,v,4.215974,3.312500
a,v,4.216966,3.313500
a,v,4.217959,3.314500
a,v,4.218952,3.315500
a,v,4.219945,3.316500
a,v,4.220938,3.317500
a,v,4.221931,3.318500
a,v,4.222924,3.319500
a,v,4.223917,3.320500
a,v,4.224910,3.321500
a,v,4.225903,3.322500
a,v,4.226896,3.323500
a,v,4.227889,3.324500
a,v,4.228882,3.325500
a,v,4.229875,3.326500
a,v,4.230868,3.327500
a,v,4.231861,3.328500
a,v,4.232854,3.329500
a,v,4.233847,3.330500
a,v,4.234840,3.331500
a,v,4.235833,3.332500
a,v,4.236826,3.333500
a,v,4.237819,3.334500
a,v,4.238812,3.335500
a,v,4.239805,3.336500
a,v,4.240798,3.337500
a,v,4.241791,3.338500
a,v,4.242784,3.339500
a,v,4.243777,3.340500
a,v,4.244770,3.341500
a,v,4.245763,3.342500
a,v,4.246757,3.343500
a,v,4.247750,3.344500
a,v,4.248743,3.345500
a,v,4.249736,3.346500
a,v,4.250729,3.347500
a,v,4.251722,3.348500
a,v,4.252715,3.349500
a,v,4.253708,3.350500
a,v,4.254702,3.351500
a,v,4.255695,3.352500
a,v,4.256688,3.353500
a,v,4.257681,3.354500
a,v,4.258674,3.355500
a,v,4.259667,3.356500
a,v,4.260661,3.357500
a,v,4.261654,3.358500
a,v,4.262647,3.359500
a,v,4.263640,3.360500
a,v,4.264633,3.361500
a,v,4.265627,3.362500
a,v,4.266620,3.363500
a,v,4.267613,3.364500
a,v,4.268606,3.365500
a,v,4.269599,3.366500
a,v,4.270593,3.367500
a,v,4.271586,3.368500
a,v,4.272579,3.369500
a,v,4.273573,3.370500
a,v,4.274566,3.371500
a,v,4.275559,3.372500
a,v,4.276552,3.373500
a,v,4.277546,3.374500
a,v,4.278539,3.375500
a,v,4.279532,3.376500
a,v,4.280526,3.377500
a,v,4.281519,3.378500
a,v,4.282512,3.379500
a,v,4.283506,3.380500
a,v,4.284499,3.381500
a,v,4.285492,3.382500
a,v,4.286486,3.383500
a,v,4.287479,3.384500
a,v,4.288472,3.385500
a,v,4.289466,3.386500
a,v,4.290459,3.387500
a,v,4.291452,3.388500
a,v,4.292446,3.389500
a,v,4.293439,3.390500
a,v,4.294433,3.391500
a,v,4.295426,3.392500
a,v,4.296419,3.393500
a,v,4.297413,3.394500
a,v,4.298406,3.395500
a,v,4.299400,3.396500
a,v,4.300393,3.397500
a,v,4.301386,3.398500
a,v,4.302380,3.399500
a,v,4.303373,3.400500
a,v,4.304367,3.401500
a,v,4.305360,3.402500
a,v,4.306354,3.403500
a,v,4.307347,3.404500
a,v,4.308341,3.405500
a,v,4.309334,3.406500
a,v,4.310328,3.407500
a,v,4.311321,3.408500
a,v,4.312315,3.409500
a,v,4.313308,3.410500
a,v,4.314302,3.411500
a,v,4.315295,3.412500
a,v,4.316289,3.413500
a,v,4.317282,3.414500
a,v,4.318276,3.415500
a,v,4.319269,3.416500
a,v,4.320263,3.417500
a,v,4.321256,3.418500
a,v,4.322250,3.419500
a,v,4.323244,3.420500
a,v,4.324237,3.421500
a,v,4.325231,3.422500
a,v,4.326224,3.423500
a,v,4.327218,3.424500
a,v,4.328212,3.425500
a,v,4.329205,3.426500
a,v,4.330199,3.427500
a,v,4.331192,3.428500
a,v,4.332186,3.429500
a,v,4.333180,3.430500
a,v,4.334173,3.431500
a,v,4.335167,3.432500
a,v,4.336161,3.433500
a,v,4.337154,3.434500
a,v,4.338148,3.435500
a,v,4.339141,3.436500
a,v,4.340135,3.437500
a,v,4.341129,3.438500
a,v,4.342123,3.439500
a,v,4.343116,3.440500
a,v,4.344110,3.441500
a,v,4.345104,3.442500
a,v,4.346097,3.443500
a,v,4.347091,3.444500
a,v,4.348085,3.445500
a,v,4.349078,3.446500
a,v,4.350072,3.447500
a,v,4.351066,3.448500
a,v,4.352060,3.449500
a,v,4.353053,3.450500
a,v,4.354047,3.451500
a,v,4.355041,3.452500
a,v,4.356035,3.453500
a,v,4.357028,3.454500
a,v,4.358022,3.455500
a,v,4.359016,3.456500
a,v,4.360010,3.457500
a,v,4.361004,3.458500
a,v,4.361997,3.459500
a,v,4.362991,3.460500
a,v,4.363985,3.461500
a,v,4.364979,3.462500
a,v,4.365973,3.463500
a,v,4.366966,3.464500
a,v,4.367960,3.465500
a,v,4.368954,3.466500
a,v,4.369948,3.467500
a,v,4.370942,3.468500
a,v,4.371936,3.469500
a,v,4.372929,3.470500
a,v,4.373923,3.471500
a,v,4.374917,3.472500
a,v,4.375911,3.473500
a,v,4.376905,3.474500
a,v,4.377899,3.475500
a,v,4.378893,3.476500
a,v,4.379887,3.477500
a,v,4.380880,3.478500
a,v,4.381874,3.479500
a,v,4.382868,3.480500
a,v,4.383862,3.481500
a,v,4.384856,3.482500
a,v,4.385850,3.483500
a,v,4.386844,3.484500
a,v,4.387838,3.485500
a,v,4.388832,3.486500
a,v,4.389826,3.487500
a,v,4.390820,3.488500
a,v,4.391814,3.489500
a,v,4.392808,3.490500
a,v,4.393802,3.491500
a,v,4.394796,3.492500
a,v,4.395790,3.493500
a,v,4.396784,3.494500
a,v,4.397778,3.495500
a,v,4.398772,3.496500
a,v,4.399766,3.497500
a,v,4.400760,3.498500
a,v,4.401754,3.499500
a,v,4.402748,3.500500
a,v,4.403742,3.501500
a,v,4.404736,3.502500
a,v,4.405730,3.503500
a,v,4.406724,3.504500
a,v,4.407718,3.505500
a,v,4.408712,3.506500
a,v,4.409706,3.507500
a,v,4.410700,3.508500
a,v,4.411694,3.509500
a,v,4.412688,3.510500
a,v,4.413682,3.511500
a,v,4.414676,3.512500
a,v,4.415670,3.513500
a,v,4.416664,3.514500
a,v,4.417659,3.515500
a,v,4.418653,3.516500
a,v,4.419647,3.517500
a,v,4.420641,3.518500
a,v,4.421635,3.519500
a,v,4.422629,3.520500
a,v,4.423623,3.521500
a,v,4.424617,3.522500
a,v,4.425612,3.523500
a,v,4.426606,3.524500
a,v,4.427600,3.525500
a,v,4.428594,3.526500
a,v,4.429588,3.527500
a,v,4.430582,3.528500
a,v,4.431577,3.529500
a,v,4.432571,3.530500
a,v,4.433565,3.531500
a,v,4.434559,3.532500
a,v,4.435553,3.533500
a,v,4.436547,3.534500
a,v,4.437542,3.535500
a,v,4.438536,3.536500
a,v,4.439530,3.537500
a,v,4.440524,3.538500
a,v,4.441519,3.539500
a,v,4.442513,3.540500
a,v,4.443507,3.541500
a,v,4.444501,3.542500
a,v,4.445496,3.543500
a,v,4.446490,3.544500
a,v,4.447484,3.545500
a,v,4.448478,3.546500
a,v,4.449473,3.547500
a,v,4.450467,3.548500
a,v,4.451461,3.549500
a,v,4.452455,3.550500
a,v,4.453450,3.551500
a,v,4.454444,3.552500
a,v,4.455438,3.553500
a,v,4.456433,3.554500
a,v,4.457427,3.555500
a,v,4.458421,3.556500
a,v,4.459416,3.557500
a,v,4.460410,3.558500
a,v,4.461404,3.559500
a,v,4.462398,3.560500
a,v,4.463393,3.561500
a,v,4.464387,3.562500
a,v,4.465382,3.563500
a,v,4.466376,3.564500
a,v,4.467370,3.565500
a,v,4.468365,3.566500
a,v,4.469359,3.567500
a,v,4.470353,3.568500
a,v,4.471348,3.569500
a,v,4.472342,3.570500
a,v,4.473336,3.571500
a,v,4.474331,3.572500
a,v,4.475325,3.573500
a,v,4.476320,3.574500
a,v,4.477314,3.575500
a,v,4.478309,3.576500
a,v,4.479303,3.577500
a,v,4.480297,3.578500
a,v,4.481292,3.579500
a,v,4.482286,3.580500
a,v,4.483281,3.581500
a,v,4.484275,3.582500
a,v,4.485270,3.583500
a,v,4.486264,3.584500
a,v,4.487258,3.585500
a,v,4.488253,3.586500
a,v,4.489247,3.587500
a,v,4.490242,3.588500
a,v,4.491236,3.589500
a,v,4.492231,3.590500
a,v,4.493225,3.591500
a,v,4.494220,3.592500
a,v,4.495214,3.593500
a,v,4.496209,3.594500
a,v,4.497203,3.595500
a,v,4.498198,3.596500
a,v,4.499192,3.597500
a,v,4.500187,3.598500
a,v,4.501181,3.599500
a,v,4.502176,3.600500
a,v,4.503170,3.601500
a,v,4.504165,3.602500
a,v,4.505160,3.603500
a,v,4.506154,3.604500
a,v,4.507149,3.605500
a,v,4.508143,3.606500
a,v,4.509138,3.607500
a,v,4.510132,3.608500
a,v,4.511127,3.609500
a,v,4.512122,3.610500
a,v,4.513116,3.611500
a,v,4.514111,3.612500
a,v,4.515105,3.613500
a,v,4.516100,3.614500
a,v,4.517094,3.615500
a,v,4.518089,3.616500
a,v,4.519084,3.617500
a,v,4.520078,3.618500
a,v,4.521073,3.619500
a,v,4.522068,3.620500
a,v,4.523062,3.621500
a,v,4.524057,3.622500
a,v,4.525051,3.623500
a,v,4.526046,3.624500
a,v,4.527041,3.625500
a,v,4.528035,3.626500
a,v,4.529030,3.627500
a,v,4.530025,3.628500
a,v,4.531019,3.629500
a,v,4.532014,3.630500
a,v,4.533009,3.631500
a,v,4.534003,3.632500
a,v,4.534998,3.633500
a,v,4.535993,3.634500
a,v,4.536988,3.635500
a,v,4.537982,3.636500
a,v,4.538977,3.637500
a,v,4.539972,3.638500
a,v,4.540966,3.639500
a,v,4.541961,3.640500
a,v,4.542956,3.641500
a,v,4.543951,3.642500
a,v,4.544945,3.643500
a,v,4.545940,3.644500
a,v,4.546935,3.645500
a,v,4.547930,3.646500
a,v,4.548924,3.647500
a,v,4.549919,3.648500
a,v,4.550914,3.649500
a,v,4.551909,3.650500
a,v,4.552903,3.651500
a,v,4.553898,3.652500
a,v,4.554893,3.653500
a,v,4.555888,3.654500
a,v,4.556883,3.655500
a,v,4.557877,3.656500
a,v,4.558872,3.657500
a,v,4.559867,3.658500
a,v,4.560862,3.659500
a,v,4.561857,3.660500
a,v,4.562851,3.661500
a,v,4.563846,3.662500
a,v,4.564841,3.663500
a,v,4.565836,3.664500
a,v,4.566831,3.665500
a,v,4.567826,3.666500
a,v,4.568820,3.667500
a,v,4.569815,3.668500
a,v,4.570810,3.669500
a,v,4.571805,3.670500
a,v,4.572800,3.671500
a,v,4.573795,3.672500
a,v,4.574790,3.673500
a,v,4.575784,3.674500
a,v,4.576779,3.675500
a,v,4.577774,3.676500
a,v,4.578769,3.677500
a,v,4.579764,3.678500
a,v,4.580759,3.679500
a,v,4.581754,3.680500
a,v,4.582749,3.681500
a,v,4.583744,3.682500
a,v,4.584739,3.683500
a,v,4.585733,3.684500
a,v,4.586728,3.685500
a,v,4.587723,3.686500
a,v,4.588718,3.687500
a,v,4.589713,3.688500
a,v,4.590708,3.689500
a,v,4.591703,3.690500
a,v,4.592698,3.691500
a,v,4.593693,3.692500
a,v,4.594688,3.693500
a,v,4.595683,3.694500
a,v,4.596678,3.695500
a,v,4.597673,3.696500
a,v,4.598668,3.697500
a,v,4.599663,3.698500
a,v,4.600658,3.699500
a,v,4.601653,3.700500
a,v,4.602648,3.701500
a,v,4.603643,3.702500
a,v,4.604638,3.703500
a,v,4.605633,3.704500
a,v,4.606628,3.705500
a,v,4.607623,3.706500
a,v,4.608618,3.707500
a,v,4.609613,3.708500
a,v,4.610608,3.709500
a,v,4.611603,3.710500
a,v,4.612598,3.711500
a,v,4.613593,3.712500
a,v,4.614588,3.713500
a,v,4.615583,3.714500
a,v,4.616578,3.715500
a,v,4.617573,3.716500
a,v,4.618568,3.717500
a,v,4.619563,3.718500
a,v,4.620558,3.719500
a,v,4.621554,3.720500
a,v,4.622549,3.721500
a,v,4.623544,3.722500
a,v,4.624539,3.723500
a,v,4.625534,3.724500
a,v,4.626529,3.725500
a,v,4.627524,3.726500
a,v,4.628519,3.727500
a,v,4.629514,3.728500
a,v,4.630509,3.729500
a,v,4.631505,3.730500
a,v,4.632500,3.731500
a,v,4.633495,3.732500
a,v,4.634490,3.733500
a,v,4.635485,3.734500
a,v,4.636480,3.735500
a,v,4.637475,3.736500
a,v,4.638471,3.737500
a,v,4.639466,3.738500
a,v,4.640461,3.739500
a,v,4.641456,3.740500
a,v,4.642451,3.741500
a,v,4.643446,3.742500
a,v,4.644442,3.743500
a,v,4.645437,3.744500
a,v,4.646432,3.745500
a,v,4.647427,3.746500
a,v,4.648422,3.747500
a,v,4.649418,3.748500
a,v,4.650413,3.749500
a,v,4.651408,3.750500
a,v,4.652403,3.751500
a,v,4.653398,3.752500
a,v,4.654394,3.753500
a,v,4.655389,3.754500
a,v,4.656384,3.755500
a,v,4.657379,3.756500
a,v,4.658374,3.757500
a,v,4.659370,3.758500
a,v,4.660365,3.759500
a,v,4.661360,3.760500
a,v,4.662355,3.761500
a,v,4.663351,3.762500
a,v,4.664346,3.763500
a,v,4.665341,3.764500
a,v,4.666337,3.765500
a,v,4.667332,3.766500
a,v,4.668327,3.767500
a,v,4.669322,3.768500
a,v,4.670318,3.769500
a,v,4.671313,3.770500
a,v,4.672308,3.771500
a,v,4.673303,3.772500
a,v,4.674299,3.773500
a,v,4.675294,3.774500
a,v,4.676289,3.775500
a,v,4.677285,3.776500
a,v,4.678280,3.777500
a,v,4.679275,3.778500
a,v,4.680271,3.779500
a,v,4.681266,3.780500
a,v,4.682261,3.781500
a,v,4.683257,3.782500
a,v,4.684252,3.783500
a,v,4.685247,3.784500
a,v,4.686243,3.785500
a,v,4.687238,3.786500
a,v,4.688233,3.787500
a,v,4.689229,3.788500
a,v,4.690224,3.789500
a,v,4.691220,3.790500
a,v,4.692215,3.791500
a,v,4.693210,3.792500
a,v,4.694206,3.793500
a,v,4.695201,3.794500
a,v,4.696196,3.795500
a,v,4.697192,3.796500
a,v,4.698187,3.797500
a,v,4.699183,3.798500
a,v,4.700178,3.799500
a,v,4.701173,3.800500
a,v,4.702169,3.801500
a,v,4.703164,3.802500
a,v,4.704160,3.803500
a,v,4.705155,3.804500
a,v,4.706151,3.805500
a,v,4.707146,3.806500
a,v,4.708141,3.807500
a,v,4.709137,3.808500
a,v,4.710132,3.809500
a,v,4.711128,3.810500
a,v,4.712123,3.811500
a,v,4.713119,3.812500
a,v,4.714114,3.813500
a,v,4.715110,3.814500
a,v,4.716105,3.815500
a,v,4.717101,3.816500
a,v,4.718096,3.817500
a,v,4.719091,3.818500
a,v,4.720087,3.819500
a,v,4.721082,3.820500
a,v,4.722078,3.821500
a,v,4.723073,3.822500
a,v,4.724069,3.823500
a,v,4.725064,3.824500
a,v,4.726060,3.825500
a,v,4.727055,3.826500
a,v,4.728051,3.827500
a,v,4.729046,3.828500
a,v,4.730042,3.829500
a,v,4.731038,3.830500
a,v,4.732033,3.831500
a,v,4.733029,3.832500
a,v,4.734024,3.833500
a,v,4.735020,3.834500
a,v,4.736015,3.835500
a,v,4.737011,3.836500
a,v,4.738006,3.837500
a,v,4.739002,3.838500
a,v,4.739997,3.839500
a,v,4.740993,3.840500
a,v,4.741989,3.841500
a,v,4.742984,3.842500
a,v,4.743980,3.843500
a,v,4.744975,3.844500
a,v,4.745971,3.845500
a,v,4.746966,3.846500
a,v,4.747962,3.847500
a,v,4.748958,3.848500
a,v,4.749953,3.849500
a,v,4.750949,3.850500
a,v,4.751944,3.851500
a,v,4.752940,3.852500
a,v,4.753936,3.853500
a,v,4.754931,3.854500
a,v,4.755927,3.855500
a,v,4.756923,3.856500
a,v,4.757918,3.857500
a,v,4.758914,3.858500
a,v,4.759909,3.859500
a,v,4.760905,3.860500
a,v,4.761901,3.861500
a,v,4.762896,3.862500
a,v,4.763892,3.863500
a,v,4.764888,3.864500
a,v,4.765883,3.865500
a,v,4.766879,3.866500
a,v,4.767875,3.867500
a,v,4.768870,3.868500
a,v,4.769866,3.869500
a,v,4.770862,3.870500
a,v,4.771857,3.871500
a,v,4.772853,3.872500
a,v,4.773849,3.873500
a,v,4.774844,3.874500
a,v,4.775840,3.875500
a,v,4.776836,3.876500
a,v,4.777831,3.877500
a,v,4.778827,3.878500
a,v,4.779823,3.879500
a,v,4.780819,3.880500
a,v,4.781814,3.881500
a,v,4.782810,3.882500
a,v,4.783806,3.883500
a,v,4.784801,3.884500
a,v,4.785797,3.885500
a,v,4.786793,3.886500
a,v,4.787789,3.887500
a,v,4.788784,3.888500
a,v,4.789780,3.889500
a,v,4.790776,3.890500
a,v,4.791772,3.891500
a,v,4.792767,3.892500
a,v,4.793763,3.893500
a,v,4.794759,3.894500
a,v,4.795755,3.895500
a,v,4.796750,3.896500
a,v,4.797746,3.897500
a,v,4.798742,3.898500
a,v,4.799738,3.899500
a,v,4.800734,3.900500
a,v,4.801729,3.901500
a,v,4.802725,3.902500
a,v,4.803721,3.903500
a,v,4.804717,3.904500
a,v,4.805713,3.905500
a,v,4.806708,3.906500
a,v,4.807704,3.907500
a,v,4.808700,3.908500
a,v,4.809696,3.909500
a,v,4.810692,3.910500
a,v,4.811687,3.911500
a,v,4.812683,3.912500
a,v,4.813679,3.913500
a,v,4.814675,3.914500
a,v,4.815671,3.915500
a,v,4.816667,3.916500
a,v,4.817662,3.917500
a,v,4.818658,3.918500
a,v,4.819654,3.919500
a,v,4.820650,3.920500
a,v,4.821646,3.921500
a,v,4.822642,3.922500
a,v,4.823638,3.923500
a,v,4.824634,3.924500
a,v,4.825629,3.925500
a,v,4.826625,3.926500
a,v,4.827621,3.927500
a,v,4.828617,3.928500
a,v,4.829613,3.929500
a,v,4.830609,3.930500
a,v,4.831605,3.931500
a,v,4.832601,3.932500
a,v,4.833596,3.933500
a,v,4.834592,3.934500
a,v,4.835588,3.935500
a,v,4.836584,3.936500
a,v,4.837580,3.937500
a,v,4.838576,3.938500
a,v,4.839572,3.939500
a,v,4.840568,3.940500
a,v,4.841564,3.941500
a,v,4.842560,3.942500
a,v,4.843556,3.943500
a,v,4.844552,3.944500
a,v,4.845548,3.945500
a,v,4.846544,3.946500
a,v,4.847539,3.947500
a,v,4.848535,3.948500
a,v,4.849531,3.949500
a,v,4.850527,3.950500
a,v,4.851523,3.951500
a,v,4.852519,3.952500
a,v,4.853515,3.953500
a,v,4.854511,3.954500
a,v,4.855507,3.955500
a,v,4.856503,3.956500
a,v,4.857499,3.957500
a,v,4.858495,3.958500
a,v,4.859491,3.959500
a,v,4.860487,3.960500
a,v,4.861483,3.961500
a,v,4.862479,3.962500
a,v,4.863475,3.963500
a,v,4.864471,3.964500
a,v,4.865467,3.965500
a,v,4.866463,3.966500
a,v,4.867459,3.967500
a,v,4.868455,3.968500
a,v,4.869451,3.969500
a,v,4.870447,3.970500
a,v,4.871443,3.971500
a,v,4.872439,3.972500
a,v,4.873435,3.973500
a,v,4.874431,3.974500
a,v,4.875427,3.975500
a,v,4.876423,3.976500
a,v,4.877420,3.977500
a,v,4.878416,3.978500
a,v,4.879412,3.979500
a,v,4.880408,3.980500
a,v,4.881404,3.981500
a,v,4.882400,3.982500
a,v,4.883396,3.983500
a,v,4.884392,3.984500
a,v,4.885388,3.985500
a,v,4.886384,3.986500
a,v,4.887380,3.987500
a,v,4.888376,3.988500
a,v,4.889372,3.989500
a,v,4.890368,3.990500
a,v,4.891365,3.991500
a,v,4.892361,3.992500
a,v,4.893357,3.993500
a,v,4.894353,3.994500
a,v,4.895349,3.995500
a,v,4.896345,3.996500
a,v,4.897341,3.997500
a,v,4.898337,3.998500
a,v,4.899333,3.999500
a,v,4.900330,4.000500
a,v,4.901326,4.001500
a,v,4.902322,4.002500
a,v,4.903318,4.003500
a,v,4.904314,4.004500
a,v,4.905310,4.005500
a,v,4.906306,4.006500
a,v,4.907303,4.007500
a,v,4.908299,4.008500
a,v,4.909295,4.009500
a,v,4.910291,4.010500
a,v,4.911287,4.011500
a,v,4.912283,4.012500
a,v,4.913280,4.013500
a,v,4.914276,4.014500
a,v,4.915272,4.015500
a,v,4.916268,4.016500
a,v,4.917264,4.017500
a,v,4.918260,4.018500
a,v,4.919257,4.019500
a,v,4.920253,4.020500
a,v,4.921249,4.021500
a,v,4.922245,4.022500
a,v,4.923241,4.023500
a,v,4.924238,4.024500
a,v,4.925234,4.025500
a,v,4.926230,4.026500
a,v,4.927226,4.027500
a,v,4.928222,4.028500
a,v,4.929219,4.029500
a,v,4.930215,4.030500
a,v,4.931211,4.031500
a,v,4.932207,4.032500
a,v,4.933204,4.033500
a,v,4.934200,4.034500
a,v,4.935196,4.035500
a,v,4.936192,4.036500
a,v,4.937188,4.037500
a,v,4.938185,4.038500
a,v,4.939181,4.039500
a,v,4.940177,4.040500
a,v,4.941173,4.041500
a,v,4.942170,4.042500
a,v,4.943166,4.043500
a,v,4.944162,4.044500
a,v,4.945159,4.045500
a,v,4.946155,4.046500
a,v,4.947151,4.047500
a,v,4.948147,4.048500
a,v,4.949144,4.049500
a,v,4.950140,4.050500
a,v,4.951136,4.051500
a,v,4.952133,4.052500
a,v,4.953129,4.053500
a,v,4.954125,4.054500
a,v,4.955121,4.055500
a,v,4.956118,4.056500
a,v,4.957114,4.057500
a,v,4.958110,4.058500
a,v,4.959107,4.059500
a,v,4.960103,4.060500
a,v,4.961099,4.061500
a,v,4.962096,4.062500
a,v,4.963092,4.063500
a,v,4.964088,4.064500
a,v,4.965085,4.065500
a,v,4.966081,4.066500
a,v,4.967077,4.067500
a,v,4.968074,4.068500
a,v,4.969070,4.069500
a,v,4.970066,4.070500
a,v,4.971063,4.071500
a,v,4.972059,4.072500
a,v,4.973055,4.073500
a,v,4.974052,4.074500
a,v,4.975048,4.075500
a,v,4.976044,4.076500
a,v,4.977041,4.077500
a,v,4.978037,4.078500
a,v,4.979034,4.079500
a,v,4.980030,4.080500
a,v,4.981026,4.081500
a,v,4.982023,4.082500
a,v,4.983019,4.083500
a,v,4.984015,4.084500
a,v,4.985012,4.085500
a,v,4.986008,4.086500
a,v,4.987005,4.087500
a,v,4.988001,4.088500
a,v,4.988997,4.089500
a,v,4.989994,4.090500
a,v,4.990990,4.091500
a,v,4.991987,4.092500
a,v,4.992983,4.093500
a,v,4.993979,4.094500
a,v,4.994976,4.095500
a,v,4.995972,4.096500
a,v,4.996969,4.097500
a,v,4.997965,4.098500
a,v,4.998962,4.099500
a,v,4.999958,4.100500
a,v,5.000954,4.101500
a,v,5.001951,4.102500
a,v,5.002947,4.103500
a,v,5.003944,4.104500
a,v,5.004940,4.105500
a,v,5.005937,4.106500
a,v,5.006933,4.107500
a,v,5.007930,4.108500
a,v,5.008926,4.109500
a,v,5.009923,4.110500
a,v,5.010919,4.111500
a,v,5.011915,4.112500
a,v,5.012912,4.113500
a,v,5.013908,4.114500
a,v,5.014905,4.115500
a,v,5.015901,4.116500
a,v,5.016898,4.117500
a,v,5.017894,4.118500
a,v,5.018891,4.119500
a,v,5.019887,4.120500
a,v,5.020884,4.121500
a,v,5.021880,4.122500
a,v,5.022877,4.123500
a,v,5.023873,4.124500
a,v,5.024870,4.125500
a,v,5.025866,4.126500
a,v,5.026863,4.127500
a,v,5.027859,4.128500
a,v,5.028856,4.129500
a,v,5.029852,4.130500
a,v,5.030849,4.131500
a,v,5.031846,4.132500
a,v,5.032842,4.133500
a,v,5.033839,4.134500
a,v,5.034835,4.135500
a,v,5.035832,4.136500
a,v,5.036828,4.137500
a,v,5.037825,4.138500
a,v,5.038821,4.139500
a,v,5.039818,4.140500
a,v,5.040814,4.141500
a,v,5.041811,4.142500
a,v,5.042808,4.143500
a,v,5.043804,4.144500
a,v,5.044801,4.145500
a,v,5.045797,4.146500
a,v,5.046794,4.147500
a,v,5.047790,4.148500
a,v,5.048787,4.149500
a,v,5.049783,4.150500
a,v,5.050780,4.151500
a,v,5.051777,4.152500
a,v,5.052773,4.153500
a,v,5.053770,4.154500
a,v,5.054766,4.155500
a,v,5.055763,4.156500
a,v,5.056760,4.157500
a,v,5.057756,4.158500
a,v,5.058753,4.159500
a,v,5.059749,4.160500
a,v,5.060746,4.161500
a,v,5.061743,4.162500
a,v,5.062739,4.163500
a,v,5.063736,4.164500
a,v,5.064733,4.165500
a,v,5.065729,4.166500
a,v,5.066726,4.167500
a,v,5.067722,4.168500
a,v,5.068719,4.169500
a,v,5.069716,4.170500
a,v,5.070712,4.171500
a,v,5.071709,4.172500
a,v,5.072706,4.173500
a,v,5.073702,4.174500
a,v,5.074699,4.175500
a,v,5.075696,4.176500
a,v,5.076692,4.177500
a,v,5.077689,4.178500
a,v,5.078686,4.179500
a,v,5.079682,4.180500
a,v,5.080679,4.181500
a,v,5.081676,4.182500
a,v,5.082672,4.183500
a,v,5.083669,4.184500
a,v,5.084666,4.185500
a,v,5.085662,4.186500
a,v,5.086659,4.187500
a,v,5.087656,4.188500
a,v,5.088652,4.189500
a,v,5.089649,4.190500
a,v,5.090646,4.191500
a,v,5.091642,4.192500
a,v,5.092639,4.193500
a,v,5.093636,4.194500
a,v,5.094632,4.195500
a,v,5.095629,4.196500
a,v,5.096626,4.197500
a,v,5.097623,4.198500
a,v,5.098619,4.199500
a,v,5.099616,4.200500
a,v,5.100613,4.201500
a,v,5.101609,4.202500
a,v,5.102606,4.203500
a,v,5.103603,4.204500
a,v,5.104600,4.205500
a,v,5.105596,4.206500
a,v,5.106593,4.207500
a,v,5.107590,4.208500
a,v,5.108587,4.209500
a,v,5.109583,4.210500
a,v,5.110580,4.211500
a,v,5.111577,4.212500
a,v,5.112574,4.213500
a,v,5.113570,4.214500
a,v,5.114567,4.215500
a,v,5.115564,4.216500
a,v,5.116561,4.217500
a,v,5.117557,4.218500
a,v,5.118554,4.219500
a,v,5.119551,4.220500
a,v,5.120548,4.221500
a,v,5.121544,4.222500
a,v,5.122541,4.223500
a,v,5.123538,4.224500
a,v,5.124535,4.225500
a,v,5.125532,4.226500
a,v,5.126528,4.227500
a,v,5.127525,4.228500
a,v,5.128522,4.229500
a,v,5.129519,4.230500
a,v,5.130516,4.231500
a,v,5.131512,4.232500
a,v,5.132509,4.233500
a,v,5.133506,4.234500
a,v,5.134503,4.235500
a,v,5.135500,4.236500
a,v,5.136496,4.237500
a,v,5.137493,4.238500
a,v,5.138490,4.239500
a,v,5.139487,4.240500
a,v,5.140484,4.241500
a,v,5.141480,4.242500
a,v,5.142477,4.243500
a,v,5.143474,4.244500
a,v,5.144471,4.245500
a,v,5.145468,4.246500
a,v,5.146465,4.247500
a,v,5.147462,4.248500
a,v,5.148458,4.249500
a,v,5.149455,4.250500
a,v,5.150452,4.251500
a,v,5.151449,4.252500
a,v,5.152446,4.253500
a,v,5.153443,4.254500
a,v,5.154439,4.255500
a,v,5.155436,4.256500
a,v,5.156433,4.257500
a,v,5.157430,4.258500
a,v,5.158427,4.259500
a,v,5.159424,4.260500
a,v,5.160421,4.261500
a,v,5.161418,4.262500
a,v,5.162414,4.263500
a,v,5.163411,4.264500
a,v,5.164408,4.265500
a,v,5.165405,4.266500
a,v,5.166402,4.267500
a,v,5.167399,4.268500
a,v,5.168396,4.269500
a,v,5.169393,4.270500
a,v,5.170390,4.271500
a,v,5.171387,4.272500
a,v,5.172383,4.273500
a,v,5.173380,4.274500
a,v,5.174377,4.275500
a,v,5.175374,4.276500
a,v,5.176371,4.277500
a,v,5.177368,4.278500
a,v,5.178365,4.279500
a,v,5.179362,4.280500
a,v,5.180359,4.281500
a,v,5.181356,4.282500
a,v,5.182353,4.283500
a,v,5.183350,4.284500
a,v,5.184346,4.285500
a,v,5.185343,4.286500
a,v,5.186340,4.287500
a,v,5.187337,4.288500
a,v,5.188334,4.289500
a,v,5.189331,4.290500
a,v,5.190328,4.291500
a,v,5.191325,4.292500
a,v,5.192322,4.293500
a,v,5.193319,4.294500
a,v,5.194316,4.295500
a,v,5.195313,4.296500
a,v,5.196310,4.297500
a,v,5.197307,4.298500
a,v,5.198304,4.299500
a,v,5.199301,4.300500
a,v,5.200298,4.301500
a,v,5.201295,4.302500
a,v,5.202292,4.303500
a,v,5.203289,4.304500
a,v,5.204286,4.305500
a,v,5.205283,4.306500
a,v,5.206280,4.307500
a,v,5.207277,4.308500
a,v,5.208274,4.309500
a,v,5.209271,4.310500
a,v,5.210268,4.311500
a,v,5.211265,4.312500
a,v,5.212262,4.313500
a,v,5.213259,4.314500
a,v,5.214256,4.315500
a,v,5.215253,4.316500
a,v,5.216250,4.317500
a,v,5.217247,4.318500
a,v,5.218244,4.319500
a,v,5.219241,4.320500
a,v,5.220238,4.321500
a,v,5.221235,4.322500
a,v,5.222232,4.323500
a,v,5.223229,4.324500
a,v,5.224226,4.325500
a,v,5.225223,4.326500
a,v,5.226220,4.327500
a,v,5.227217,4.328500
a,v,5.228214,4.329500
a,v,5.229211,4.330500
a,v,5.230208,4.331500
a,v,5.231205,4.332500
a,v,5.232202,4.333500
a,v,5.233199,4.334500
a,v,5.234196,4.335500
a,v,5.235193,4.336500
a,v,5.236191,4.337500
a,v,5.237188,4.338500
a,v,5.238185,4.339500
a,v,5.239182,4.340500
a,v,5.240179,4.341500
a,v,5.241176,4.342500
a,v,5.242173,4.343500
a,v,5.243170,4.344500
a,v,5.244167,4.345500
a,v,5.245164,4.346500
a,v,5.246161,4.347500
a,v,5.247158,4.348500
a,v,5.248155,4.349500
a,v,5.249153,4.350500
a,v,5.250150,4.351500
a,v,5.251147,4.352500
a,v,5.252144,4.353500
a,v,5.253141,4.354500
a,v,5.254138,4.355500
a,v,5.255135,4.356500
a,v,5.256132,4.357500
a,v,5.257129,4.358500
a,v,5.258127,4.359500
a,v,5.259124,4.360500
a,v,5.260121,4.361500
a,v,5.261118,4.362500
a,v,5.262115,4.363500
a,v,5.263112,4.364500
a,v,5.264109,4.365500
a,v,5.265106,4.366500
a,v,5.266104,4.367500
a,v,5.267101,4.368500
a,v,5.268098,4.369500
a,v,5.269095,4.370500
a,v,5.270092,4.371500
a,v,5.271089,4.372500
a,v,5.272086,4.373500
a,v,5.273084,4.374500
a,v,5.274081,4.375500
a,v,5.275078,4.376500
a,v,5.276075,4.377500
a,v,5.277072,4.378500
a,v,5.278069,4.379500
a,v,5.279066,4.380500
a,v,5.280064,4.381500
a,v,5.281061,4.382500
a,v,5.282058,4.383500
a,v,5.283055,4.384500
a,v,5.284052,4.385500
a,v,5.285049,4.386500
a,v,5.286047,4.387500
a,v,5.287044,4.388500
a,v,5.288041,4.389500
a,v,5.289038,4.390500
a,v,5.290035,4.391500
a,v,5.291033,4.392500
a,v,5.292030,4.393500
a,v,5.293027,4.394500
a,v,5.294024,4.395500
a,v,5.295021,4.396500
a,v,5.296019,4.397500
a,v,5.297016,4.398500
a,v,5.298013,4.399500
a,v,5.299010,4.400500
a,v,5.300007,4.401500
a,v,5.301005,4.402500
a,v,5.302002,4.403500
a,v,5.302999,4.404500
a,v,5.303996,4.405500
a,v,5.304993,4.406500
a,v,5.305991,4.407500
a,v,5.306988,4.408500
a,v,5.307985,4.409500
a,v,5.308982,4.410500
a,v,5.309980,4.411500
a,v,5.310977,4.412500
a,v,5.311974,4.413500
a,v,5.312971,4.414500
a,v,5.313969,4.415500
a,v,5.314966,4.416500
a,v,5.315963,4.417500
a,v,5.316960,4.418500
a,v,5.317958,4.419500
a,v,5.318955,4.420500
a,v,5.319952,4.421500
a,v,5.320949,4.422500
a,v,5.321947,4.423500
a,v,5.322944,4.424500
a,v,5.323941,4.425500
a,v,5.324938,4.426500
a,v,5.325936,4.427500
a,v,5.326933,4.428500
a,v,5.327930,4.429500
a,v,5.328927,4.430500
a,v,5.329925,4.431500
a,v,5.330922,4.432500
a,v,5.331919,4.433500
a,v,5.332917,4.434500
a,v,5.333914,4.435500
a,v,5.334911,4.436500
a,v,5.335908,4.437500
a,v,5.336906,4.438500
a,v,5.337903,4.439500
a,v,5.338900,4.440500
a,v,5.339898,4.441500
a,v,5.340895,4.442500
a,v,5.341892,4.443500
a,v,5.342890,4.444500
a,v,5.343887,4.445500
a,v,5.344884,4.446500
a,v,5.345881,4.447500
a,v,5.346879,4.448500
a,v,5.347876,4.449500
a,v,5.348873,4.450500
a,v,5.349871,4.451500
a,v,5.350868,4.452500
a,v,5.351865,4.453500
a,v,5.352863,4.454500
a,v,5.353860,4.455500
a,v,5.354857,4.456500
a,v,5.355855,4.457500
a,v,5.356852,4.458500
a,v,5.357849,4.459500
a,v,5.358847,4.460500
a,v,5.359844,4.461500
a,v,5.360841,4.462500
a,v,5.361839,4.463500
a,v,5.362836,4.464500
a,v,5.363833,4.465500
a,v,5.364831,4.466500
a,v,5.365828,4.467500
a,v,5.366825,4.468500
a,v,5.367823,4.469500
a,v,5.368820,4.470500
a,v,5.369818,4.471500
a,v,5.370815,4.472500
a,v,5.371812,4.473500
a,v,5.372810,4.474500
a,v,5.373807,4.475500
a,v,5.374804,4.476500
a,v,5.375802,4.477500
a,v,5.376799,4.478500
a,v,5.377797,4.479500
a,v,5.378794,4.480500
a,v,5.379791,4.481500
a,v,5.380789,4.482500
a,v,5.381786,4.483500
a,v,5.382783,4.484500
a,v,5.383781,4.485500
a,v,5.384778,4.486500
a,v,5.385776,4.487500
a,v,5.386773,4.488500
a,v,5.387770,4.489500
a,v,5.388768,4.490500
a,v,5.389765,4.491500
a,v,5.390763,4.492500
a,v,5.391760,4.493500
a,v,5.392757,4.494500
a,v,5.393755,4.495500
a,v,5.394752,4.496500
a,v,5.395750,4.497500
a,v,5.396747,4.498500
a,v,5.397745,4.499500
a,v,5.398742,4.500500
a,v,5.399739,4.501500
a,v,5.400737,4.502500
a,v,5.401734,4.503500
a,v,5.402732,4.504500
a,v,5.403729,4.505500
a,v,5.404727,4.506500
a,v,5.405724,4.507500
a,v,5.406721,4.508500
a,v,5.407719,4.509500
a,v,5.408716,4.510500
a,v,5.409714,4.511500
a,v,5.410711,4.512500
a,v,5.411709,4.513500
a,v,5.412706,4.514500
a,v,5.413704,4.515500
a,v,5.414701,4.516500
a,v,5.415698,4.517500
a,v,5.416696,4.518500
a,v,5.417693,4.519500
a,v,5.418691,4.520500
a,v,5.419688,4.521500
a,v,5.420686,4.522500
a,v,5.421683,4.523500
a,v,5.422681,4.524500
a,v,5.423678,4.525500
a,v,5.424676,4.526500
a,v,5.425673,4.527500
a,v,5.426671,4.528500
a,v,5.427668,4.529500
a,v,5.428666,4.530500
a,v,5.429663,4.531500
a,v,5.430661,4.532500
a,v,5.431658,4.533500
a,v,5.432656,4.534500
a,v,5.433653,4.535500
a,v,5.434651,4.536500
a,v,5.435648,4.537500
a,v,5.436645,4.538500
a,v,5.437643,4.539500
a,v,5.438641,4.540500
a,v,5.439638,4.541500
a,v,5.440636,4.542500
a,v,5.441633,4.543500
a,v,5.442631,4.544500
a,v,5.443628,4.545500
a,v,5.444626,4.546500
a,v,5.445623,4.547500
a,v,5.446621,4.548500
a,v,5.447618,4.549500
a,v,5.448616,4.550500
a,v,5.449613,4.551500
a,v,5.450611,4.552500
a,v,5.451608,4.553500
a,v,5.452606,4.554500
a,v,5.453603,4.555500
a,v,5.454601,4.556500
a,v,5.455598,4.557500
a,v,5.456596,4.558500
a,v,5.457593,4.559500
a,v,5.458591,4.560500
a,v,5.459589,4.561500
a,v,5.460586,4.562500
a,v,5.461584,4.563500
a,v,5.462581,4.564500
a,v,5.463579,4.565500
a,v,5.464576,4.566500
a,v,5.465574,4.567500
a,v,5.466571,4.568500
a,v,5.467569,4.569500
a,v,5.468566,4.570500
a,v,5.469564,4.571500
a,v,5.470562,4.572500
a,v,5.471559,4.573500
a,v,5.472557,4.574500
a,v,5.473554,4.575500
a,v,5.474552,4.576500
a,v,5.475549,4.577500
a,v,5.476547,4.578500
a,v,5.477545,4.579500
a,v,5.478542,4.580500
a,v,5.479540,4.581500
a,v,5.480537,4.582500
a,v,5.481535,4.583500
a,v,5.482533,4.584500
a,v,5.483530,4.585500
a,v,5.484528,4.586500
a,v,5.485525,4.587500
a,v,5.486523,4.588500
a,v,5.487521,4.589500
a,v,5.488518,4.590500
a,v,5.489516,4.591500
a,v,5.490513,4.592500
a,v,5.491511,4.593500
a,v,5.492509,4.594500
a,v,5.493506,4.595500
a,v,5.494504,4.596500
a,v,5.495501,4.597500
a,v,5.496499,4.598500
a,v,5.497497,4.599500
a,v,5.498494,4.600500
a,v,5.499492,4.601500
a,v,5.500489,4.602500
a,v,5.501487,4.603500
a,v,5.502485,4.604500
a,v,5.503482,4.605500
a,v,5.504480,4.606500
a,v,5.505478,4.607500
a,v,5.506475,4.608500
a,v,5.507473,4.609500
a,v,5.508471,4.610500
a,v,5.509468,4.611500
a,v,5.510466,4.612500
a,v,5.511463,4.613500
a,v,5.512461,4.614500
a,v,5.513459,4.615500
a,v,5.514456,4.616500
a,v,5.515454,4.617500
a,v,5.516452,4.618500
a,v,5.517449,4.619500
a,v,5.518447,4.620500
a,v,5.519445,4.621500
a,v,5.520442,4.622500
a,v,5.521440,4.623500
a,v,5.522438,4.624500
a,v,5.523435,4.625500
a,v,5.524433,4.626500
a,v,5.525431,4.627500
a,v,5.526428,4.628500
a,v,5.527426,4.629500
a,v,5.528424,4.630500
a,v,5.529421,4.631500
a,v,5.530419,4.632500
a,v,5.531417,4.633500
a,v,5.532414,4.634500
a,v,5.533412,4.635500
a,v,5.534410,4.636500
a,v,5.535407,4.637500
a,v,5.536405,4.638500
a,v,5.537403,4.639500
a,v,5.538400,4.640500
a,v,5.539398,4.641500
a,v,5.540396,4.642500
a,v,5.541394,4.643500
a,v,5.542391,4.644500
a,v,5.543389,4.645500
a,v,5.544387,4.646500
a,v,5.545384,4.647500
a,v,5.546382,4.648500
a,v,5.547380,4.649500
a,v,5.548378,4.650500
a,v,5.549375,4.651500
a,v,5.550373,4.652500
a,v,5.551371,4.653500
a,v,5.552368,4.654500
a,v,5.553366,4.655500
a,v,5.554364,4.656500
a,v,5.555362,4.657500
a,v,5.556359,4.658500
a,v,5.557357,4.659500
a,v,5.558355,4.660500
a,v,5.559352,4.661500
a,v,5.560350,4.662500
a,v,5.561348,4.663500
a,v,5.562346,4.664500
a,v,5.563343,4.665500
a,v,5.564341,4.666500
a,v,5.565339,4.667500
a,v,5.566337,4.668500
a,v,5.567334,4.669500
a,v,5.568332,4.670500
a,v,5.569330,4.671500
a,v,5.570328,4.672500
a,v,5.571325,4.673500
a,v,5.572323,4.674500
a,v,5.573321,4.675500
a,v,5.574319,4.676500
a,v,5.575316,4.677500
a,v,5.576314,4.678500
a,v,5.577312,4.679500
a,v,5.578310,4.680500
a,v,5.579307,4.681500
a,v,5.580305,4.682500
a,v,5.581303,4.683500
a,v,5.582301,4.684500
a,v,5.583298,4.685500
a,v,5.584296,4.686500
a,v,5.585294,4.687500
a,v,5.586292,4.688500
a,v,5.587290,4.689500
a,v,5.588287,4.690500
a,v,5.589285,4.691500
a,v,5.590283,4.692500
a,v,5.591281,4.693500
a,v,5.592279,4.694500
a,v,5.593276,4.695500
a,v,5.594274,4.696500
a,v,5.595272,4.697500
a,v,5.596270,4.698500
a,v,5.597267,4.699500
a,v,5.598265,4.700500
a,v,5.599263,4.701500
a,v,5.600261,4.702500
a,v,5.601259,4.703500
a,v,5.602256,4.704500
a,v,5.603254,4.705500
a,v,5.604252,4.706500
a,v,5.605250,4.707500
a,v,5.606248,4.708500
a,v,5.607246,4.709500
a,v,5.608243,4.710500
a,v,5.609241,4.711500
a,v,5.610239,4.712500
a,v,5.611237,4.713500
a,v,5.612235,4.714500
a,v,5.613232,4.715500
a,v,5.614230,4.716500
a,v,5.615228,4.717500
a,v,5.616226,4.718500
a,v,5.617224,4.719500
a,v,5.618222,4.720500
a,v,5.619219,4.721500
a,v,5.620217,4.722500
a,v,5.621215,4.723500
a,v,5.622213,4.724500
a,v,5.623211,4.725500
a,v,5.624209,4.726500
a,v,5.625206,4.727500
a,v,5.626204,4.728500
a,v,5.627202,4.729500
a,v,5.628200,4.730500
a,v,5.629198,4.731500
a,v,5.630196,4.732500
a,v,5.631194,4.733500
a,v,5.632191,4.734500
a,v,5.633189,4.735500
a,v,5.634187,4.736500
a,v,5.635185,4.737500
a,v,5.636183,4.738500
a,v,5.637181,4.739500
a,v,5.638179,4.740500
a,v,5.639176,4.741500
a,v,5.640174,4.742500
a,v,5.641172,4.743500
a,v,5.642170,4.744500
a,v,5.643168,4.745500
a,v,5.644166,4.746500
a,v,5.645164,4.747500
a,v,5.646162,4.748500
a,v,5.647159,4.749500
a,v,5.648157,4.750500
a,v,5.649155,4.751500
a,v,5.650153,4.752500
a,v,5.651151,4.753500
a,v,5.652149,4.754500
a,v,5.653147,4.755500
a,v,5.654145,4.756500
a,v,5.655143,4.757500
a,v,5.656140,4.758500
a,v,5.657138,4.759500
a,v,5.658136,4.760500
a,v,5.659134,4.761500
a,v,5.660132,4.762500
a,v,5.661130,4.763500
a,v,5.662128,4.764500
a,v,5.663126,4.765500
a,v,5.664124,4.766500
a,v,5.665122,4.767500
a,v,5.666120,4.768500
a,v,5.667117,4.769500
a,v,5.668115,4.770500
a,v,5.669113,4.771500
a,v,5.670111,4.772500
a,v,5.671109,4.773500
a,v,5.672107,4.774500
a,v,5.673105,4.775500
a,v,5.674103,4.776500
a,v,5.675101,4.777500
a,v,5.676099,4.778500
a,v,5.677097,4.779500
a,v,5.678095,4.780500
a,v,5.679093,4.781500
a,v,5.680090,4.782500
a,v,5.681088,4.783500
a,v,5.682086,4.784500
a,v,5.683084,4.785500
a,v,5.684082,4.786500
a,v,5.685080,4.787500
a,v,5.686078,4.788500
a,v,5.687076,4.789500
a,v,5.688074,4.790500
a,v,5.689072,4.791500
a,v,5.690070,4.792500
a,v,5.691068,4.793500
a,v,5.692066,4.794500
a,v,5.693064,4.795500
a,v,5.694062,4.796500
a,v,5.695060,4.797500
a,v,5.696058,4.798500
a,v,5.697056,4.799500
a,v,5.698054,4.800500
a,v,5.699052,4.801500
a,v,5.700050,4.802500
a,v,5.701047,4.803500
a,v,5.702045,4.804500
a,v,5.703043,4.805500
a,v,5.704041,4.806500
a,v,5.705039,4.807500
a,v,5.706037,4.808500
a,v,5.707035,4.809500
a,v,5.708033,4.810500
a,v,5.709031,4.811500
a,v,5.710029,4.812500
a,v,5.711027,4.813500
a,v,5.712025,4.814500
a,v,5.713023,4.815500
a,v,5.714021,4.816500
a,v,5.715019,4.817500
a,v,5.716017,4.818500
a,v,5.717015,4.819500
a,v,5.718013,4.820500
a,v,5.719011,4.821500
a,v,5.720009,4.822500
a,v,5.721007,4.823500
a,v,5.722005,4.824500
a,v,5.723003,4.825500
a,v,5.724001,4.826500
a,v,5.724999,4.827500
a,v,5.725997,4.828500
a,v,5.726995,4.829500
a,v,5.727993,4.830500
a,v,5.728991,4.831500
a,v,5.729989,4.832500
a,v,5.730987,4.833500
a,v,5.731985,4.834500
a,v,5.732983,4.835500
a,v,5.733981,4.836500
a,v,5.734979,4.837500
a,v,5.735977,4.838500
a,v,5.736975,4.839500
a,v,5.737973,4.840500
a,v,5.738971,4.841500
a,v,5.739969,4.842500
a,v,5.740968,4.843500
a,v,5.741966,4.844500
a,v,5.742964,4.845500
a,v,5.743962,4.846500
a,v,5.744960,4.847500
a,v,5.745958,4.848500
a,v,5.746956,4.849500
a,v,5.747954,4.850500
a,v,5.748952,4.851500
a,v,5.749950,4.852500
a,v,5.750948,4.853500
a,v,5.751946,4.854500
a,v,5.752944,4.855500
a,v,5.753942,4.856500
a,v,5.754940,4.857500
a,v,5.755938,4.858500
a,v,5.756936,4.859500
a,v,5.757934,4.860500
a,v,5.758932,4.861500
a,v,5.759930,4.862500
a,v,5.760928,4.863500
a,v,5.761927,4.864500
a,v,5.762925,4.865500
a,v,5.763923,4.866500
a,v,5.764921,4.867500
a,v,5.765919,4.868500
a,v,5.766917,4.869500
a,v,5.767915,4.870500
a,v,5.768913,4.871500
a,v,5.769911,4.872500
a,v,5.770909,4.873500
a,v,5.771907,4.874500
a,v,5.772905,4.875500
a,v,5.773903,4.876500
a,v,5.774901,4.877500
a,v,5.775900,4.878500
a,v,5.776898,4.879500
a,v,5.777896,4.880500
a,v,5.778894,4.881500
a,v,5.779892,4.882500
a,v,5.780890,4.883500
a,v,5.781888,4.884500
a,v,5.782886,4.885500
a,v,5.783884,4.886500
a,v,5.784882,4.887500
a,v,5.785880,4.888500
a,v,5.786879,4.889500
a,v,5.787877,4.890500
a,v,5.788875,4.891500
a,v,5.789873,4.892500
a,v,5.790871,4.893500
a,v,5.791869,4.894500
a,v,5.792867,4.895500
a,v,5.793865,4.896500
a,v,5.794863,4.897500
a,v,5.795862,4.898500
a,v,5.796860,4.899500
a,v,5.797858,4.900500
a,v,5.798856,4.901500
a,v,5.799854,4.902500
a,v,5.800852,4.903500
a,v,5.801850,4.904500
a,v,5.802848,4.905500
a,v,5.803846,4.906500
a,v,5.804845,4.907500
a,v,5.805843,4.908500
a,v,5.806841,4.909500
a,v,5.807839,4.910500
a,v,5.808837,4.911500
a,v,5.809835,4.912500
a,v,5.810833,4.913500
a,v,5.811832,4.914500
a,v,5.812830,4.915500
a,v,5.813828,4.916500
a,v,5.814826,4.917500
a,v,5.815824,4.918500
a,v,5.816822,4.919500
a,v,5.817820,4.920500
a,v,5.818819,4.921500
a,v,5.819817,4.922500
a,v,5.820815,4.923500
a,v,5.821813,4.924500
a,v,5.822811,4.925500
a,v,5.823809,4.926500
a,v,5.824807,4.927500
a,v,5.825806,4.928500
a,v,5.826804,4.929500
a,v,5.827802,4.930500
a,v,5.828800,4.931500
a,v,5.829798,4.932500
a,v,5.830796,4.933500
a,v,5.831795,4.934500
a,v,5.832793,4.935500
a,v,5.833791,4.936500
a,v,5.834789,4.937500
a,v,5.835787,4.938500
a,v,5.836785,4.939500
a,v,5.837784,4.940500
a,v,5.838782,4.941500
a,v,5.839780,4.942500
a,v,5.840778,4.943500
a,v,5.841776,4.944500
a,v,5.842774,4.945500
a,v,5.843773,4.946500
a,v,5.844771,4.947500
a,v,5.845769,4.948500
a,v,5.846767,4.949500
a,v,5.847765,4.950500
a,v,5.848764,4.951500
a,v,5.849762,4.952500
a,v,5.850760,4.953500
a,v,5.851758,4.954500
a,v,5.852756,4.955500
a,v,5.853755,4.956500
a,v,5.854753,4.957500
a,v,5.855751,4.958500
a,v,5.856749,4.959500
a,v,5.857747,4.960500
a,v,5.858746,4.961500
a,v,5.859744,4.962500
a,v,5.860742,4.963500
a,v,5.861740,4.964500
a,v,5.862738,4.965500
a,v,5.863737,4.966500
a,v,5.864735,4.967500
a,v,5.865733,4.968500
a,v,5.866731,4.969500
a,v,5.867729,4.970500
a,v,5.868728,4.971500
a,v,5.869726,4.972500
a,v,5.870724,4.973500
a,v,5.871722,4.974500
a,v,5.872721,4.975500
a,v,5.873719,4.976500
a,v,5.874717,4.977500
a,v,5.875715,4.978500
a,v,5.876713,4.979500
a,v,5.877712,4.980500
a,v,5.878710,4.981500
a,v,5.879708,4.982500
a,v,5.880706,4.983500
a,v,5.881705,4.984500
a,v,5.882703,4.985500
a,v,5.883701,4.986500
a,v,5.884699,4.987500
a,v,5.885698,4.988500
a,v,5.886696,4.989500
a,v,5.887694,4.990500
a,v,5.888692,4.991500
a,v,5.889691,4.992500
a,v,5.890689,4.993500
a,v,5.891687,4.994500
a,v,5.892685,4.995500
a,v,5.893684,4.996500
a,v,5.894682,4.997500
a,v,5.895680,4.998500
a,v,5.896678,4.999500
a,v,5.897677,5.000500
a,v,5.898675,5.001500
a,v,5.899673,5.002500
a,v,5.900671,5.003500
a,v,5.901670,5.004500
a,v,5.902668,5.005500
a,v,5.903666,5.006500
a,v,5.904664,5.007500
a,v,5.905663,5.008500
a,v,5.906661,5.009500
a,v,5.907659,5.010500
a,v,5.908657,5.011500
a,v,5.909656,5.012500
a,v,5.910654,5.013500
a,v,5.911652,5.014500
a,v,5.912651,5.015500
a,v,5.913649,5.016500
a,v,5.914647,5.017500
a,v,5.915645,5.018500
a,v,5.916644,5.019500
a,v,5.917642,5.020500
a,v,5.918640,5.021500
a,v,5.919638,5.022500
a,v,5.920637,5.023500
a,v,5.921635,5.024500
a,v,5.922633,5.025500
a,v,5.923632,5.026500
a,v,5.924630,5.027500
a,v,5.925628,5.028500
a,v,5.926627,5.029500
a,v,5.927625,5.030500
a,v,5.928623,5.031500
a,v,5.929621,5.032500
a,v,5.930620,5.033500
a,v,5.931618,5.034500
a,v,5.932616,5.035500
a,v,5.933615,5.036500
a,v,5.934613,5.037500
a,v,5.935611,5.038500
a,v,5.936610,5.039500
a,v,5.937608,5.040500
a,v,5.938606,5.041500
a,v,5.939604,5.042500
a,v,5.940603,5.043500
a,v,5.941601,5.044500
a,v,5.942599,5.045500
a,v,5.943598,5.046500
a,v,5.944596,5.047500
a,v,5.945594,5.048500
a,v,5.946593,5.049500
a,v,5.947591,5.050500
a,v,5.948589,5.051500
a,v,5.949588,5.052500
a,v,5.950586,5.053500
a,v,5.951584,5.054500
a,v,5.952583,5.055500
a,v,5.953581,5.056500
a,v,5.954579,5.057500
a,v,5.955578,5.058500
a,v,5.956576,5.059500
a,v,5.957574,5.060500
a,v,5.958573,5.061500
a,v,5.959571,5.062500
a,v,5.960569,5.063500
a,v,5.961568,5.064500
a,v,5.962566,5.065500
a,v,5.963564,5.066500
a,v,5.964563,5.067500
a,v,5.965561,5.068500
a,v,5.966559,5.069500
a,v,5.967558,5.070500
a,v,5.968556,5.071500
a,v,5.969554,5.072500
a,v,5.970553,5.073500
a,v,5.971551,5.074500
a,v,5.972549,5.075500
a,v,5.973548,5.076500
a,v,5.974546,5.077500
a,v,5.975545,5.078500
a,v,5.976543,5.079500
a,v,5.977541,5.080500
a,v,5.978540,5.081500
a,v,5.979538,5.082500
a,v,5.980536,5.083500
a,v,5.981535,5.084500
a,v,5.982533,5.085500
a,v,5.983531,5.086500
a,v,5.984530,5.087500
a,v,5.985528,5.088500
a,v,5.986527,5.089500
a,v,5.987525,5.090500
a,v,5.988523,5.091500
a,v,5.989522,5.092500
a,v,5.990520,5.093500
a,v,5.991518,5.094500
a,v,5.992517,5.095500
a,v,5.993515,5.096500
a,v,5.994514,5.097500
a,v,5.995512,5.098500
a,v,5.996510,5.099500
a,v,5.997509,5.100500
a,v,5.998507,5.101500
a,v,5.999506,5.102500
a,v,6.000504,5.103500
a,v,6.001502,5.104500
a,v,6.002501,5.105500
a,v,6.003499,5.106500
a,v,6.004497,5.107500
a,v,6.005496,5.108500
a,v,6.006494,5.109500
a,v,6.007493,5.110500
a,v,6.008491,5.111500
a,v,6.009489,5.112500
a,v,6.010488,5.113500
a,v,6.011486,5.114500
a,v,6.012485,5.115500
a,v,6.013483,5.116500
a,v,6.014481,5.117500
a,v,6.015480,5.118500
a,v,6.016478,5.119500
a,v,6.017477,5.120500
a,v,6.018475,5.121500
a,v,6.019474,5.122500
a,v,6.020472,5.123500
a,v,6.021470,5.124500
a,v,6.022469,5.125500
a,v,6.023467,5.126500
a,v,6.024466,5.127500
a,v,6.025464,5.128500
a,v,6.026462,5.129500
a,v,6.027461,5.130500
a,v,6.028459,5.131500
a,v,6.029458,5.132500
a,v,6.030456,5.133500
a,v,6.031455,5.134500
a,v,6.032453,5.135500
a,v,6.033451,5.136500
a,v,6.034450,5.137500
a,v,6.035448,5.138500
a,v,6.036447,5.139500
a,v,6.037445,5.140500
a,v,6.038444,5.141500
a,v,6.039442,5.142500
a,v,6.040440,5.143500
a,v,6.041439,5.144500
a,v,6.042437,5.145500
a,v,6.043436,5.146500
a,v,6.044434,5.147500
a,v,6.045433,5.148500
a,v,6.046431,5.149500
a,v,6.047430,5.150500
a,v,6.048428,5.151500
a,v,6.049426,5.152500
a,v,6.050425,5.153500
a,v,6.051423,5.154500
a,v,6.052422,5.155500
a,v,6.053420,5.156500
a,v,6.054419,5.157500
a,v,6.055417,5.158500
a,v,6.056416,5.159500
a,v,6.057414,5.160500
a,v,6.058413,5.161500
a,v,6.059411,5.162500
a,v,6.060409,5.163500
a,v,6.061408,5.164500
a,v,6.062406,5.165500
a,v,6.063405,5.166500
a,v,6.064403,5.167500
a,v,6.065402,5.168500
a,v,6.066400,5.169500
a,v,6.067399,5.170500
a,v,6.068397,5.171500
a,v,6.069396,5.172500
a,v,6.070394,5.173500
a,v,6.071393,5.174500
a,v,6.072391,5.175500
a,v,6.073390,5.176500
a,v,6.074388,5.177500
a,v,6.075387,5.178500
a,v,6.076385,5.179500
a,v,6.077383,5.180500
a,v,6.078382,5.181500
a,v,6.079380,5.182500
a,v,6.080379,5.183500
a,v,6.081377,5.184500
a,v,6.082376,5.185500
a,v,6.083374,5.186500
a,v,6.084373,5.187500
a,v,6.085371,5.188500
a,v,6.086370,5.189500
a,v,6.087368,5.190500
a,v,6.088367,5.191500
a,v,6.089365,5.192500
a,v,6.090364,5.193500
a,v,6.091362,5.194500
a,v,6.092361,5.195500
a,v,6.093359,5.196500
a,v,6.094358,5.197500
a,v,6.095356,5.198500
a,v,6.096355,5.199500
a,v,6.097353,5.200500
a,v,6.098352,5.201500
a,v,6.099350,5.202500
a,v,6.100349,5.203500
a,v,6.101347,5.204500
a,v,6.102346,5.205500
a,v,6.103344,5.206500
a,v,6.104343,5.207500
a,v,6.105341,5.208500
a,v,6.106340,5.209500
a,v,6.107338,5.210500
a,v,6.108337,5.211500
a,v,6.109336,5.212500
a,v,6.110334,5.213500
a,v,6.111333,5.214500
a,v,6.112331,5.215500
a,v,6.113330,5.216500
a,v,6.114328,5.217500
a,v,6.115327,5.218500
a,v,6.116325,5.219500
a,v,6.117324,5.220500
a,v,6.118322,5.221500
a,v,6.119321,5.222500
a,v,6.120319,5.223500
a,v,6.121318,5.224500
a,v,6.122316,5.225500
a,v,6.123315,5.226500
a,v,6.124313,5.227500
a,v,6.125312,5.228500
a,v,6.126310,5.229500
a,v,6.127309,5.230500
a,v,6.128308,5.231500
a,v,6.129306,5.232500
a,v,6.130305,5.233500
a,v,6.131303,5.234500
a,v,6.132302,5.235500
a,v,6.133300,5.236500
a,v,6.134299,5.237500
a,v,6.135297,5.238500
a,v,6.136296,5.239500
a,v,6.137294,5.240500
a,v,6.138293,5.241500
a,v,6.139292,5.242500
a,v,6.140290,5.243500
a,v,6.141289,5.244500
a,v,6.142287,5.245500
a,v,6.143286,5.246500
a,v,6.144284,5.247500
a,v,6.145283,5.248500
a,v,6.146281,5.249500
a,v,6.147280,5.250500
a,v,6.148279,5.251500
a,v,6.149277,5.252500
a,v,6.150276,5.253500
a,v,6.151274,5.254500
a,v,6.152273,5.255500
a,v,6.153271,5.256500
a,v,6.154270,5.257500
a,v,6.155269,5.258500
a,v,6.156267,5.259500
a,v,6.157266,5.260500
a,v,6.158264,5.261500
a,v,6.159263,5.262500
a,v,6.160261,5.263500
a,v,6.161260,5.264500
a,v,6.162259,5.265500
a,v,6.163257,5.266500
a,v,6.164256,5.267500
a,v,6.165254,5.268500
a,v,6.166253,5.269500
a,v,6.167251,5.270500
a,v,6.168250,5.271500
a,v,6.169249,5.272500
a,v,6.170247,5.273500
a,v,6.171246,5.274500
a,v,6.172244,5.275500
a,v,6.173243,5.276500
a,v,6.174242,5.277500
a,v,6.175240,5.278500
a,v,6.176239,5.279500
a,v,6.177237,5.280500
a,v,6.178236,5.281500
a,v,6.179235,5.282500
a,v,6.180233,5.283500
a,v,6.181232,5.284500
a,v,6.182230,5.285500
a,v,6.183229,5.286500
a,v,6.184228,5.287500
a,v,6.185226,5.288500
a,v,6.186225,5.289500
a,v,6.187223,5.290500
a,v,6.188222,5.291500
a,v,6.189221,5.292500
a,v,6.190219,5.293500
a,v,6.191218,5.294500
a,v,6.192216,5.295500
a,v,6.193215,5.296500
a,v,6.194214,5.297500
a,v,6.195212,5.298500
a,v,6.196211,5.299500
a,v,6.197209,5.300500
a,v,6.198208,5.301500
a,v,6.199207,5.302500
a,v,6.200205,5.303500
a,v,6.201204,5.304500
a,v,6.202203,5.305500
a,v,6.203201,5.306500
a,v,6.204200,5.307500
a,v,6.205198,5.308500
a,v,6.206197,5.309500
a,v,6.207196,5.310500
a,v,6.208194,5.311500
a,v,6.209193,5.312500
a,v,6.210192,5.313500
a,v,6.211190,5.314500
a,v,6.212189,5.315500
a,v,6.213187,5.316500
a,v,6.214186,5.317500
a,v,6.215185,5.318500
a,v,6.216183,5.319500
a,v,6.217182,5.320500
a,v,6.218181,5.321500
a,v,6.219179,5.322500
a,v,6.220178,5.323500
a,v,6.221177,5.324500
a,v,6.222175,5.325500
a,v,6.223174,5.326500
a,v,6.224172,5.327500
a,v,6.225171,5.328500
a,v,6.226170,5.329500
a,v,6.227168,5.330500
a,v,6.228167,5.331500
a,v,6.229166,5.332500
a,v,6.230164,5.333500
a,v,6.231163,5.334500
a,v,6.232162,5.335500
a,v,6.233160,5.336500
a,v,6.234159,5.337500
a,v,6.235158,5.338500
a,v,6.236156,5.339500
a,v,6.237155,5.340500
a,v,6.238154,5.341500
a,v,6.239152,5.342500
a,v,6.240151,5.343500
a,v,6.241150,5.344500
a,v,6.242148,5.345500
a,v,6.243147,5.346500
a,v,6.244146,5.347500
a,v,6.245144,5.348500
a,v,6.246143,5.349500
a,v,6.247142,5.350500
a,v,6.248140,5.351500
a,v,6.249139,5.352500
a,v,6.250138,5.353500
a,v,6.251136,5.354500
a,v,6.252135,5.355500
a,v,6.253134,5.356500
a,v,6.254132,5.357500
a,v,6.255131,5.358500
a,v,6.256130,5.359500
a,v,6.257128,5.360500
a,v,6.258127,5.361500
a,v,6.259126,5.362500
a,v,6.260124,5.363500
a,v,6.261123,5.364500
a,v,6.262122,5.365500
a,v,6.263120,5.366500
a,v,6.264119,5.367500
a,v,6.265118,5.368500
a,v,6.266116,5.369500
a,v,6.267115,5.370500
a,v,6.268114,5.371500
a,v,6.269112,5.372500
a,v,6.270111,5.373500
a,v,6.271110,5.374500
a,v,6.272109,5.375500
a,v,6.273107,5.376500
a,v,6.274106,5.377500
a,v,6.275105,5.378500
a,v,6.276103,5.379500
a,v,6.277102,5.380500
a,v,6.278101,5.381500
a,v,6.279099,5.382500
a,v,6.280098,5.383500
a,v,6.281097,5.384500
a,v,6.282095,5.385500
a,v,6.283094,5.386500
a,v,6.284093,5.387500
a,v,6.285092,5.388500
a,v,6.286090,5.389500
a,v,6.287089,5.390500
a,v,6.288088,5.391500
a,v,6.289086,5.392500
a,v,6.290085,5.393500
a,v,6.291084,5.394500
a,v,6.292083,5.395500
a,v,6.293081,5.396500
a,v,6.294080,5.397500
a,v,6.295079,5.398500
a,v,6.296077,5.399500
a,v,6.297076,5.400500
a,v,6.298075,5.401500
a,v,6.299074,5.402500
a,v,6.300072,5.403500
a,v,6.301071,5.404500
a,v,6.302070,5.405500
a,v,6.303068,5.406500
a,v,6.304067,5.407500
a,v,6.305066,5.408500
a,v,6.306065,5.409500
a,v,6.307063,5.410500
a,v,6.308062,5.411500
a,v,6.309061,5.412500
a,v,6.310060,5.413500
a,v,6.311058,5.414500
a,v,6.312057,5.415500
a,v,6.313056,5.416500
a,v,6.314054,5.417500
a,v,6.315053,5.418500
a,v,6.316052,5.419500
a,v,6.317051,5.420500
a,v,6.318049,5.421500
a,v,6.319048,5.422500
a,v,6.320047,5.423500
a,v,6.321046,5.424500
a,v,6.322044,5.425500
a,v,6.323043,5.426500
a,v,6.324042,5.427500
a,v,6.325041,5.428500
a,v,6.326039,5.429500
a,v,6.327038,5.430500
a,v,6.328037,5.431500
a,v,6.329036,5.432500
a,v,6.330034,5.433500
a,v,6.331033,5.434500
a,v,6.332032,5.435500
a,v,6.333031,5.436500
a,v,6.334029,5.437500
a,v,6.335028,5.438500
a,v,6.336027,5.439500
a,v,6.337026,5.440500
a,v,6.338024,5.441500
a,v,6.339023,5.442500
a,v,6.340022,5.443500
a,v,6.341021,5.444500
a,v,6.342019,5.445500
a,v,6.343018,5.446500
a,v,6.344017,5.447500
a,v,6.345016,5.448500
a,v,6.346014,5.449500
a,v,6.347013,5.450500
a,v,6.348012,5.451500
a,v,6.349011,5.452500
a,v,6.350010,5.453500
a,v,6.351008,5.454500
a,v,6.352007,5.455500
a,v,6.353006,5.456500
a,v,6.354005,5.457500
a,v,6.355003,5.458500
a,v,6.356002,5.459500
a,v,6.357001,5.460500
a,v,6.358000,5.461500
a,v,6.358998,5.462500
a,v,6.359997,5.463500
a,v,6.360996,5.464500
a,v,6.361995,5.465500
a,v,6.362994,5.466500
a,v,6.363992,5.467500
a,v,6.364991,5.468500
a,v,6.365990,5.469500
a,v,6.366989,5.470500
a,v,6.367987,5.471500
a,v,6.368986,5.472500
a,v,6.369985,5.473500
a,v,6.370984,5.474500
a,v,6.371983,5.475500
a,v,6.372981,5.476500
a,v,6.373980,5.477500
a,v,6.374979,5.478500
a,v,6.375978,5.479500
a,v,6.376977,5.480500
a,v,6.377975,5.481500
a,v,6.378974,5.482500
a,v,6.379973,5.483500
a,v,6.380972,5.484500
a,v,6.381971,5.485500
a,v,6.382969,5.486500
a,v,6.383968,5.487500
a,v,6.384967,5.488500
a,v,6.385966,5.489500
a,v,6.386965,5.490500
a,v,6.387963,5.491500
a,v,6.388962,5.492500
a,v,6.389961,5.493500
a,v,6.390960,5.494500
a,v,6.391959,5.495500
a,v,6.392957,5.496500
a,v,6.393956,5.497500
a,v,6.394955,5.498500
a,v,6.395954,5.499500
a,v,6.396953,5.500500
a,v,6.397951,5.501500
a,v,6.398950,5.502500
a,v,6.399949,5.503500
a,v,6.400948,5.504500
a,v,6.401947,5.505500
a,v,6.402946,5.506500
a,v,6.403944,5.507500
a,v,6.404943,5.508500
a,v,6.405942,5.509500
a,v,6.406941,5.510500
a,v,6.407940,5.511500
a,v,6.408938,5.512500
a,v,6.409937,5.513500
a,v,6.410936,5.514500
a,v,6.411935,5.515500
a,v,6.412934,5.516500
a,v,6.413933,5.517500
a,v,6.414931,5.518500
a,v,6.415930,5.519500
a,v,6.416929,5.520500
a,v,6.417928,5.521500
a,v,6.418927,5.522500
a,v,6.419926,5.523500
a,v,6.420924,5.524500
a,v,6.421923,5.525500
a,v,6.422922,5.526500
a,v,6.423921,5.527500
a,v,6.424920,5.528500
a,v,6.425919,5.529500
a,v,6.426917,5.530500
a,v,6.427916,5.531500
a,v,6.428915,5.532500
a,v,6.429914,5.533500
a,v,6.430913,5.534500
a,v,6.431912,5.535500
a,v,6.432910,5.536500
a,v,6.433909,5.537500
a,v,6.434908,5.538500
a,v,6.435907,5.539500
a,v,6.436906,5.540500
a,v,6.437905,5.541500
a,v,6.438904,5.542500
a,v,6.439902,5.543500
a,v,6.440901,5.544500
a,v,6.441900,5.545500
a,v,6.442899,5.546500
a,v,6.443898,5.547500
a,v,6.444897,5.548500
a,v,6.445895,5.549500
a,v,6.446894,5.550500
a,v,6.447893,5.551500
a,v,6.448892,5.552500
a,v,6.449891,5.553500
a,v,6.450890,5.554500
a,v,6.451889,5.555500
a,v,6.452887,5.556500
a,v,6.453886,5.557500
a,v,6.454885,5.558500
a,v,6.455884,5.559500
a,v,6.456883,5.560500
a,v,6.457882,5.561500
a,v,6.458881,5.562500
a,v,6.459880,5.563500
a,v,6.460878,5.564500
a,v,6.461877,5.565500
a,v,6.462876,5.566500
a,v,6.463875,5.567500
a,v,6.464874,5.568500
a,v,6.465873,5.569500
a,v,6.466872,5.570500
a,v,6.467871,5.571500
a,v,6.468869,5.572500
a,v,6.469868,5.573500
a,v,6.470867,5.574500
a,v,6.471866,5.575500
a,v,6.472865,5.576500
a,v,6.473864,5.577500
a,v,6.474863,5.578500
a,v,6.475862,5.579500
a,v,6.476860,5.580500
a,v,6.477859,5.581500
a,v,6.478858,5.582500
a,v,6.479857,5.583500
a,v,6.480856,5.584500
a,v,6.481855,5.585500
a,v,6.482854,5.586500
a,v,6.483853,5.587500
a,v,6.484851,5.588500
a,v,6.485850,5.589500
a,v,6.486849,5.590500
a,v,6.487848,5.591500
a,v,6.488847,5.592500
a,v,6.489846,5.593500
a,v,6.490845,5.594500
a,v,6.491844,5.595500
a,v,6.492843,5.596500
a,v,6.493842,5.597500
a,v,6.494840,5.598500
a,v,6.495839,5.599500
a,v,6.496838,5.600500
a,v,6.497837,5.601500
a,v,6.498836,5.602500
a,v,6.499835,5.603500
a,v,6.500834,5.604500
a,v,6.501833,5.605500
a,v,6.502832,5.606500
a,v,6.503831,5.607500
a,v,6.504829,5.608500
a,v,6.505828,5.609500
a,v,6.506827,5.610500
a,v,6.507826,5.611500
a,v,6.508825,5.612500
a,v,6.509824,5.613500
a,v,6.510823,5.614500
a,v,6.511822,5.615500
a,v,6.512821,5.616500
a,v,6.513820,5.617500
a,v,6.514819,5.618500
a,v,6.515817,5.619500
a,v,6.516816,5.620500
a,v,6.517815,5.621500
a,v,6.518814,5.622500
a,v,6.519813,5.623500
a,v,6.520812,5.624500
a,v,6.521811,5.625500
a,v,6.522810,5.626500
a,v,6.523809,5.627500
a,v,6.524808,5.628500
a,v,6.525807,5.629500
a,v,6.526806,5.630500
a,v,6.527804,5.631500
a,v,6.528803,5.632500
a,v,6.529802,5.633500
a,v,6.530801,5.634500
a,v,6.531800,5.635500
a,v,6.532799,5.636500
a,v,6.533798,5.637500
a,v,6.534797,5.638500
a,v,6.535796,5.639500
a,v,6.536795,5.640500
a,v,6.537794,5.641500
a,v,6.538793,5.642500
a,v,6.539792,5.643500
a,v,6.540791,5.644500
a,v,6.541790,5.645500
a,v,6.542788,5.646500
a,v,6.543787,5.647500
a,v,6.544786,5.648500
a,v,6.545785,5.649500
a,v,6.546784,5.650500
a,v,6.547783,5.651500
a,v,6.548782,5.652500
a,v,6.549781,5.653500
a,v,6.550780,5.654500
a,v,6.551779,5.655500
a,v,6.552778,5.656500
a,v,6.553777,5.657500
a,v,6.554776,5.658500
a,v,6.555775,5.659500
a,v,6.556774,5.660500
a,v,6.557773,5.661500
a,v,6.558772,5.662500
a,v,6.559771,5.663500
a,v,6.560769,5.664500
a,v,6.561768,5.665500
a,v,6.562767,5.666500
a,v,6.563766,5.667500
a,v,6.564765,5.668500
a,v,6.565764,5.669500
a,v,6.566763,5.670500
a,v,6.567762,5.671500
a,v,6.568761,5.672500
a,v,6.569760,5.673500
a,v,6.570759,5.674500
a,v,6.571758,5.675500
a,v,6.572757,5.676500
a,v,6.573756,5.677500
a,v,6.574755,5.678500
a,v,6.575754,5.679500
a,v,6.576753,5.680500
a,v,6.577752,5.681500
a,v,6.578751,5.682500
a,v,6.579750,5.683500
a,v,6.580749,5.684500
a,v,6.581748,5.685500
a,v,6.582747,5.686500
a,v,6.583746,5.687500
a,v,6.584745,5.688500
a,v,6.585744,5.689500
a,v,6.586742,5.690500
a,v,6.587741,5.691500
a,v,6.588740,5.692500
a,v,6.589739,5.693500
a,v,6.590738,5.694500
a,v,6.591737,5.695500
a,v,6.592736,5.696500
a,v,6.593735,5.697500
a,v,6.594734,5.698500
a,v,6.595733,5.699500
a,v,6.596732,5.700500
a,v,6.597731,5.701500
a,v,6.598730,5.702500
a,v,6.599729,5.703500
a,v,6.600728,5.704500
a,v,6.601727,5.705500
a,v,6.602726,5.706500
a,v,6.603725,5.707500
a,v,6.604724,5.708500
a,v,6.605723,5.709500
a,v,6.606722,5.710500
a,v,6.607721,5.711500
a,v,6.608720,5.712500
a,v,6.609719,5.713500
a,v,6.610718,5.714500
a,v,6.611717,5.715500
a,v,6.612716,5.716500
a,v,6.613715,5.717500
a,v,6.614714,5.718500
a,v,6.615713,5.719500
a,v,6.616712,5.720500
a,v,6.617711,5.721500
a,v,6.618710,5.722500
a,v,6.619709,5.723500
a,v,6.620708,5.724500
a,v,6.621707,5.725500
a,v,6.622706,5.726500
a,v,6.623705,5.727500
a,v,6.624704,5.728500
a,v,6.625703,5.729500
a,v,6.626702,5.730500
a,v,6.627701,5.731500
a,v,6.628700,5.732500
a,v,6.629699,5.733500
a,v,6.630698,5.734500
a,v,6.631697,5.735500
a,v,6.632696,5.736500
a,v,6.633695,5.737500
a,v,6.634694,5.738500
a,v,6.635693,5.739500
a,v,6.636692,5.740500
a,v,6.637691,5.741500
a,v,6.638690,5.742500
a,v,6.639689,5.743500
a,v,6.640688,5.744500
a,v,6.641687,5.745500
a,v,6.642686,5.746500
a,v,6.643685,5.747500
a,v,6.644684,5.748500
a,v,6.645683,5.749500
a,v,6.646682,5.750500
a,v,6.647681,5.751500
a,v,6.648680,5.752500
a,v,6.649679,5.753500
a,v,6.650678,5.754500
a,v,6.651677,5.755500
a,v,6.652676,5.756500
a,v,6.653675,5.757500
a,v,6.654674,5.758500
a,v,6.655673,5.759500
a,v,6.656672,5.760500
a,v,6.657671,5.761500
a,v,6.658670,5.762500
a,v,6.659670,5.763500
a,v,6.660669,5.764500
a,v,6.661668,5.765500
a,v,6.662667,5.766500
a,v,6.663666,5.767500
a,v,6.664665,5.768500
a,v,6.665664,5.769500
a,v,6.666663,5.770500
a,v,6.667662,5.771500
a,v,6.668661,5.772500
a,v,6.669660,5.773500
a,v,6.670659,5.774500
a,v,6.671658,5.775500
a,v,6.672657,5.776500
a,v,6.673656,5.777500
a,v,6.674655,5.778500
a,v,6.675654,5.779500
a,v,6.676653,5.780500
a,v,6.677652,5.781500
a,v,6.678651,5.782500
a,v,6.679650,5.783500
a,v,6.680649,5.784500
a,v,6.681648,5.785500
a,v,6.682647,5.786500
a,v,6.683646,5.787500
a,v,6.684645,5.788500
a,v,6.685645,5.789500
a,v,6.686644,5.790500
a,v,6.687643,5.791500
a,v,6.688642,5.792500
a,v,6.689641,5.793500
a,v,6.690640,5.794500
a,v,6.691639,5.795500
a,v,6.692638,5.796500
a,v,6.693637,5.797500
a,v,6.694636,5.798500
a,v,6.695635,5.799500
a,v,6.696634,5.800500
a,v,6.697633,5.801500
a,v,6.698632,5.802500
a,v,6.699631,5.803500
a,v,6.700630,5.804500
a,v,6.701629,5.805500
a,v,6.702628,5.806500
a,v,6.703627,5.807500
a,v,6.704627,5.808500
a,v,6.705626,5.809500
a,v,6.706625,5.810500
a,v,6.707624,5.811500
a,v,6.708623,5.812500
a,v,6.709622,5.813500
a,v,6.710621,5.814500
a,v,6.711620,5.815500
a,v,6.712619,5.816500
a,v,6.713618,5.817500
a,v,6.714617,5.818500
a,v,6.715616,5.819500
a,v,6.716615,5.820500
a,v,6.717614,5.821500
a,v,6.718613,5.822500
a,v,6.719613,5.823500
a,v,6.720612,5.824500
a,v,6.721611,5.825500
a,v,6.722610,5.826500
a,v,6.723609,5.827500
a,v,6.724608,5.828500
a,v,6.725607,5.829500
a,v,6.726606,5.830500
a,v,6.727605,5.831500
a,v,6.728604,5.832500
a,v,6.729603,5.833500
a,v,6.730602,5.834500
a,v,6.731601,5.835500
a,v,6.732601,5.836500
a,v,6.733600,5.837500
a,v,6.734599,5.838500
a,v,6.735598,5.839500
a,v,6.736597,5.840500
a,v,6.737596,5.841500
a,v,6.738595,5.842500
a,v,6.739594,5.843500
a,v,6.740593,5.844500
a,v,6.741592,5.845500
a,v,6.742591,5.846500
a,v,6.743590,5.847500
a,v,6.744590,5.848500
a,v,6.745589,5.849500
a,v,6.746588,5.850500
a,v,6.747587,5.851500
a,v,6.748586,5.852500
a,v,6.749585,5.853500
a,v,6.750584,5.854500
a,v,6.751583,5.855500
a,v,6.752582,5.856500
a,v,6.753581,5.857500
a,v,6.754581,5.858500
a,v,6.755580,5.859500
a,v,6.756579,5.860500
a,v,6.757578,5.861500
a,v,6.758577,5.862500
a,v,6.759576,5.863500
a,v,6.760575,5.864500
a,v,6.761574,5.865500
a,v,6.762573,5.866500
a,v,6.763572,5.867500
a,v,6.764572,5.868500
a,v,6.765571,5.869500
a,v,6.766570,5.870500
a,v,6.767569,5.871500
a,v,6.768568,5.872500
a,v,6.769567,5.873500
a,v,6.770566,5.874500
a,v,6.771565,5.875500
a,v,6.772564,5.876500
a,v,6.773563,5.877500
a,v,6.774563,5.878500
a,v,6.775562,5.879500
a,v,6.776561,5.880500
a,v,6.777560,5.881500
a,v,6.778559,5.882500
a,v,6.779558,5.883500
a,v,6.780557,5.884500
a,v,6.781556,5.885500
a,v,6.782556,5.886500
a,v,6.783555,5.887500
a,v,6.784554,5.888500
a,v,6.785553,5.889500
a,v,6.786552,5.890500
a,v,6.787551,5.891500
a,v,6.788550,5.892500
a,v,6.789549,5.893500
a,v,6.790548,5.894500
a,v,6.791548,5.895500
a,v,6.792547,5.896500
a,v,6.793546,5.897500
a,v,6.794545,5.898500
a,v,6.795544,5.899500
a,v,6.796543,5.900500
a,v,6.797542,5.901500
a,v,6.798541,5.902500
a,v,6.799541,5.903500
a,v,6.800540,5.904500
a,v,6.801539,5.905500
a,v,6.802538,5.906500
a,v,6.803537,5.907500
a,v,6.804536,5.908500
a,v,6.805535,5.909500
a,v,6.806534,5.910500
a,v,6.807534,5.911500
a,v,6.808533,5.912500
a,v,6.809532,5.913500
a,v,6.810531,5.914500
a,v,6.811530,5.915500
a,v,6.812529,5.916500
a,v,6.813528,5.917500
a,v,6.814528,5.918500
a,v,6.815527,5.919500
a,v,6.816526,5.920500
a,v,6.817525,5.921500
a,v,6.818524,5.922500
a,v,6.819523,5.923500
a,v,6.820522,5.924500
a,v,6.821522,5.925500
a,v,6.822521,5.926500
a,v,6.823520,5.927500
a,v,6.824519,5.928500
a,v,6.825518,5.929500
a,v,6.826517,5.930500
a,v,6.827516,5.931500
a,v,6.828516,5.932500
a,v,6.829515,5.933500
a,v,6.830514,5.934500
a,v,6.831513,5.935500
a,v,6.832512,5.936500
a,v,6.833511,5.937500
a,v,6.834510,5.938500
a,v,6.835510,5.939500
a,v,6.836509,5.940500
a,v,6.837508,5.941500
a,v,6.838507,5.942500
a,v,6.839506,5.943500
a,v,6.840505,5.944500
a,v,6.841505,5.945500
a,v,6.842504,5.946500
a,v,6.843503,5.947500
a,v,6.844502,5.948500
a,v,6.845501,5.949500
a,v,6.846500,5.950500
a,v,6.847499,5.951500
a,v,6.848499,5.952500
a,v,6.849498,5.953500
a,v,6.850497,5.954500
a,v,6.851496,5.955500
a,v,6.852495,5.956500
a,v,6.853494,5.957500
a,v,6.854494,5.958500
a,v,6.855493,5.959500
a,v,6.856492,5.960500
a,v,6.857491,5.961500
a,v,6.858490,5.962500
a,v,6.859489,5.963500
a,v,6.860489,5.964500
a,v,6.861488,5.965500
a,v,6.862487,5.966500
a,v,6.863486,5.967500
a,v,6.864485,5.968500
a,v,6.865484,5.969500
a,v,6.866484,5.970500
a,v,6.867483,5.971500
a,v,6.868482,5.972500
a,v,6.869481,5.973500
a,v,6.870480,5.974500
a,v,6.871480,5.975500
a,v,6.872479,5.976500
a,v,6.873478,5.977500
a,v,6.874477,5.978500
a,v,6.875476,5.979500
a,v,6.876475,5.980500
a,v,6.877475,5.981500
a,v,6.878474,5.982500
a,v,6.879473,5.983500
a,v,6.880472,5.984500
a,v,6.881471,5.985500
a,v,6.882470,5.986500
a,v,6.883470,5.987500
a,v,6.884469,5.988500
a,v,6.885468,5.989500
a,v,6.886467,5.990500
a,v,6.887466,5.991500
a,v,6.888466,5.992500
a,v,6.889465,5.993500
a,v,6.890464,5.994500
a,v,6.891463,5.995500
a,v,6.892462,5.996500
a,v,6.893462,5.997500
a,v,6.894461,5.998500
a,v,6.895460,5.999500
a,v,6.896459,6.000500
a,v,6.897458,6.001500
a,v,6.898457,6.002500
a,v,6.899457,6.003500
a,v,6.900456,6.004500
a,v,6.901455,6.005500
a,v,6.902454,6.006500
a,v,6.903453,6.007500
a,v,6.904453,6.008500
a,v,6.905452,6.009500
a,v,6.906451,6.010500
a,v,6.907450,6.011500
a,v,6.908449,6.012500
a,v,6.909449,6.013500
a,v,6.910448,6.014500
a,v,6.911447,6.015500
a,v,6.912446,6.016500
a,v,6.913445,6.017500
a,v,6.914445,6.018500
a,v,6.915444,6.019500
a,v,6.916443,6.020500
a,v,6.917442,6.021500
a,v,6.918441,6.022500
a,v,6.919441,6.023500
a,v,6.920440,6.024500
a,v,6.921439,6.025500
a,v,6.922438,6.026500
a,v,6.923437,6.027500
a,v,6.924437,6.028500
a,v,6.925436,6.029500
a,v,6.926435,6.030500
a,v,6.927434,6.031500
a,v,6.928434,6.032500
a,v,6.929433,6.033500
a,v,6.930432,6.034500
a,v,6.931431,6.035500
a,v,6.932430,6.036500
a,v,6.933430,6.037500
a,v,6.934429,6.038500
a,v,6.935428,6.039500
a,v,6.936427,6.040500
a,v,6.937426,6.041500
a,v,6.938426,6.042500
a,v,6.939425,6.043500
a,v,6.940424,6.044500
a,v,6.941423,6.045500
a,v,6.942423,6.046500
a,v,6.943422,6.047500
a,v,6.944421,6.048500
a,v,6.945420,6.049500
a,v,6.946419,6.050500
a,v,6.947419,6.051500
a,v,6.948418,6.052500
a,v,6.949417,6.053500
a,v,6.950416,6.054500
a,v,6.951416,6.055500
a,v,6.952415,6.056500
a,v,6.953414,6.057500
a,v,6.954413,6.058500
a,v,6.955412,6.059500
a,v,6.956412,6.060500
a,v,6.957411,6.061500
a,v,6.958410,6.062500
a,v,6.959409,6.063500
a,v,6.960409,6.064500
a,v,6.961408,6.065500
a,v,6.962407,6.066500
a,v,6.963406,6.067500
a,v,6.964406,6.068500
a,v,6.965405,6.069500
a,v,6.966404,6.070500
a,v,6.967403,6.071500
a,v,6.968402,6.072500
a,v,6.969402,6.073500
a,v,6.970401,6.074500
a,v,6.971400,6.075500
a,v,6.972399,6.076500
a,v,6.973399,6.077500
a,v,6.974398,6.078500
a,v,6.975397,6.079500
a,v,6.976396,6.080500
a,v,6.977396,6.081500
a,v,6.978395,6.082500
a,v,6.979394,6.083500
a,v,6.980393,6.084500
a,v,6.981393,6.085500
a,v,6.982392,6.086500
a,v,6.983391,6.087500
a,v,6.984390,6.088500
a,v,6.985390,6.089500
a,v,6.986389,6.090500
a,v,6.987388,6.091500
a,v,6.988387,6.092500
a,v,6.989387,6.093500
a,v,6.990386,6.094500
a,v,6.991385,6.095500
a,v,6.992384,6.096500
a,v,6.993384,6.097500
a,v,6.994383,6.098500
a,v,6.995382,6.099500
a,v,6.996381,6.100500
a,v,6.997381,6.101500
a,v,6.998380,6.102500
a,v,6.999379,6.103500
a,v,7.000378,6.104500
a,v,7.001378,6.105500
a,v,7.002377,6.106500
a,v,7.003376,6.107500
a,v,7.004375,6.108500
a,v,7.005375,6.109500
a,v,7.006374,6.110500
a,v,7.007373,6.111500
a,v,7.008372,6.112500
a,v,7.009372,6.113500
a,v,7.010371,6.114500
a,v,7.011370,6.115500
a,v,7.012369,6.116500
a,v,7.013369,6.117500
a,v,7.014368,6.118500
a,v,7.015367,6.119500
a,v,7.016366,6.120500
a,v,7.017366,6.121500
a,v,7.018365,6.122500
a,v,7.019364,6.123500
a,v,7.020363,6.124500
a,v,7.021363,6.125500
a,v,7.022362,6.126500
a,v,7.023361,6.127500
a,v,7.024361,6.128500
a,v,7.025360,6.129500
a,v,7.026359,6.130500
a,v,7.027358,6.131500
a,v,7.028358,6.132500
a,v,7.029357,6.133500
a,v,7.030356,6.134500
a,v,7.031355,6.135500
a,v,7.032355,6.136500
a,v,7.033354,6.137500
a,v,7.034353,6.138500
a,v,7.035353,6.139500
a,v,7.036352,6.140500
a,v,7.037351,6.141500
a,v,7.038350,6.142500
a,v,7.039350,6.143500
a,v,7.040349,6.144500
a,v,7.041348,6.145500
a,v,7.042347,6.146500
a,v,7.043347,6.147500
a,v,7.044346,6.148500
a,v,7.045345,6.149500
a,v,7.046345,6.150500
a,v,7.047344,6.151500
a,v,7.048343,6.152500
a,v,7.049342,6.153500
a,v,7.050342,6.154500
a,v,7.051341,6.155500
a,v,7.052340,6.156500
a,v,7.053340,6.157500
a,v,7.054339,6.158500
a,v,7.055338,6.159500
a,v,7.056337,6.160500
a,v,7.057337,6.161500
a,v,7.058336,6.162500
a,v,7.059335,6.163500
a,v,7.060335,6.164500
a,v,7.061334,6.165500
a,v,7.062333,6.166500
a,v,7.063332,6.167500
a,v,7.064332,6.168500
a,v,7.065331,6.169500
a,v,7.066330,6.170500
a,v,7.067330,6.171500
a,v,7.068329,6.172500
a,v,7.069328,6.173500
a,v,7.070327,6.174500
a,v,7.071327,6.175500
a,v,7.072326,6.176500
a,v,7.073325,6.177500
a,v,7.074325,6.178500
a,v,7.075324,6.179500
a,v,7.076323,6.180500
a,v,7.077323,6.181500
a,v,7.078322,6.182500
a,v,7.079321,6.183500
a,v,7.080320,6.184500
a,v,7.081320,6.185500
a,v,7.082319,6.186500
a,v,7.083318,6.187500
a,v,7.084318,6.188500
a,v,7.085317,6.189500
a,v,7.086316,6.190500
a,v,7.087316,6.191500
a,v,7.088315,6.192500
a,v,7.089314,6.193500
a,v,7.090313,6.194500
a,v,7.091313,6.195500
a,v,7.092312,6.196500
a,v,7.093311,6.197500
a,v,7.094311,6.198500
a,v,7.095310,6.199500
a,v,7.096309,6.200500
a,v,7.097309,6.201500
a,v,7.098308,6.202500
a,v,7.099307,6.203500
a,v,7.100307,6.204500
a,v,7.101306,6.205500
a,v,7.102305,6.206500
a,v,7.103304,6.207500
a,v,7.104304,6.208500
a,v,7.105303,6.209500
a,v,7.106302,6.210500
a,v,7.107302,6.211500
a,v,7.108301,6.212500
a,v,7.109300,6.213500
a,v,7.110300,6.214500
a,v,7.111299,6.215500
a,v,7.112298,6.216500
a,v,7.113298,6.217500
a,v,7.114297,6.218500
a,v,7.115296,6.219500
a,v,7.116296,6.220500
a,v,7.117295,6.221500
a,v,7.118294,6.222500
a,v,7.119294,6.223500
a,v,7.120293,6.224500
a,v,7.121292,6.225500
a,v,7.122292,6.226500
a,v,7.123291,6.227500
a,v,7.124290,6.228500
a,v,7.125289,6.229500
a,v,7.126289,6.230500
a,v,7.127288,6.231500
a,v,7.128287,6.232500
a,v,7.129287,6.233500
a,v,7.130286,6.234500
a,v,7.131285,6.235500
a,v,7.132285,6.236500
a,v,7.133284,6.237500
a,v,7.134283,6.238500
a,v,7.135283,6.239500
a,v,7.136282,6.240500
a,v,7.137281,6.241500
a,v,7.138281,6.242500
a,v,7.139280,6.243500
a,v,7.140279,6.244500
a,v,7.141279,6.245500
a,v,7.142278,6.246500
a,v,7.143277,6.247500
a,v,7.144277,6.248500
a,v,7.145276,6.249500
a,v,7.146275,6.250500
a,v,7.147275,6.251500
a,v,7.148274,6.252500
a,v,7.149273,6.253500
a,v,7.150273,6.254500
a,v,7.151272,6.255500
a,v,7.152271,6.256500
a,v,7.153271,6.257500
a,v,7.154270,6.258500
a,v,7.155269,6.259500
a,v,7.156269,6.260500
a,v,7.157268,6.261500
a,v,7.158267,6.262500
a,v,7.159267,6.263500
a,v,7.160266,6.264500
a,v,7.161265,6.265500
a,v,7.162265,6.266500
a,v,7.163264,6.267500
a,v,7.164264,6.268500
a,v,7.165263,6.269500
a,v,7.166262,6.270500
a,v,7.167262,6.271500
a,v,7.168261,6.272500
a,v,7.169260,6.273500
a,v,7.170260,6.274500
a,v,7.171259,6.275500
a,v,7.172258,6.276500
a,v,7.173258,6.277500
a,v,7.174257,6.278500
a,v,7.175256,6.279500
a,v,7.176256,6.280500
a,v,7.177255,6.281500
a,v,7.178254,6.282500
a,v,7.179254,6.283500
a,v,7.180253,6.284500
a,v,7.181252,6.285500
a,v,7.182252,6.286500
a,v,7.183251,6.287500
a,v,7.184251,6.288500
a,v,7.185250,6.289500
a,v,7.186249,6.290500
a,v,7.187249,6.291500
a,v,7.188248,6.292500
a,v,7.189247,6.293500
a,v,7.190247,6.294500
a,v,7.191246,6.295500
a,v,7.192245,6.296500
a,v,7.193245,6.297500
a,v,7.194244,6.298500
a,v,7.195243,6.299500
a,v,7.196243,6.300500
a,v,7.197242,6.301500
a,v,7.198242,6.302500
a,v,7.199241,6.303500
a,v,7.200240,6.304500
a,v,7.201240,6.305500
a,v,7.202239,6.306500
a,v,7.203238,6.307500
a,v,7.204238,6.308500
a,v,7.205237,6.309500
a,v,7.206236,6.310500
a,v,7.207236,6.311500
a,v,7.208235,6.312500
a,v,7.209235,6.313500
a,v,7.210234,6.314500
a,v,7.211233,6.315500
a,v,7.212233,6.316500
a,v,7.213232,6.317500
a,v,7.214231,6.318500
a,v,7.215231,6.319500
a,v,7.216230,6.320500
a,v,7.217230,6.321500
a,v,7.218229,6.322500
a,v,7.219228,6.323500
a,v,7.220228,6.324500
a,v,7.221227,6.325500
a,v,7.222226,6.326500
a,v,7.223226,6.327500
a,v,7.224225,6.328500
a,v,7.225224,6.329500
a,v,7.226224,6.330500
a,v,7.227223,6.331500
a,v,7.228223,6.332500
a,v,7.229222,6.333500
a,v,7.230221,6.334500
a,v,7.231221,6.335500
a,v,7.232220,6.336500
a,v,7.233220,6.337500
a,v,7.234219,6.338500
a,v,7.235218,6.339500
a,v,7.236218,6.340500
a,v,7.237217,6.341500
a,v,7.238216,6.342500
a,v,7.239216,6.343500
a,v,7.240215,6.344500
a,v,7.241215,6.345500
a,v,7.242214,6.346500
a,v,7.243213,6.347500
a,v,7.244213,6.348500
a,v,7.245212,6.349500
a,v,7.246211,6.350500
a,v,7.247211,6.351500
a,v,7.248210,6.352500
a,v,7.249210,6.353500
a,v,7.250209,6.354500
a,v,7.251208,6.355500
a,v,7.252208,6.356500
a,v,7.253207,6.357500
a,v,7.254207,6.358500
a,v,7.255206,6.359500
a,v,7.256205,6.360500
a,v,7.257205,6.361500
a,v,7.258204,6.362500
a,v,7.259204,6.363500
a,v,7.260203,6.364500
a,v,7.261202,6.365500
a,v,7.262202,6.366500
a,v,7.263201,6.367500
a,v,7.264201,6.368500
a,v,7.265200,6.369500
a,v,7.266199,6.370500
a,v,7.267199,6.371500
a,v,7.268198,6.372500
a,v,7.269198,6.373500
a,v,7.270197,6.374500
a,v,7.271196,6.375500
a,v,7.272196,6.376500
a,v,7.273195,6.377500
a,v,7.274195,6.378500
a,v,7.275194,6.379500
a,v,7.276193,6.380500
a,v,7.277193,6.381500
a,v,7.278192,6.382500
a,v,7.279192,6.383500
a,v,7.280191,6.384500
a,v,7.281190,6.385500
a,v,7.282190,6.386500
a,v,7.283189,6.387500
a,v,7.284189,6.388500
a,v,7.285188,6.389500
a,v,7.286187,6.390500
a,v,7.287187,6.391500
a,v,7.288186,6.392500
a,v,7.289186,6.393500
a,v,7.290185,6.394500
a,v,7.291184,6.395500
a,v,7.292184,6.396500
a,v,7.293183,6.397500
a,v,7.294183,6.398500
a,v,7.295182,6.399500
a,v,7.296181,6.400500
a,v,7.297181,6.401500
a,v,7.298180,6.402500
a,v,7.299180,6.403500
a,v,7.300179,6.404500
a,v,7.301178,6.405500
a,v,7.302178,6.406500
a,v,7.303177,6.407500
a,v,7.304177,6.408500
a,v,7.305176,6.409500
a,v,7.306176,6.410500
a,v,7.307175,6.411500
a,v,7.308174,6.412500
a,v,7.309174,6.413500
a,v,7.310173,6.414500
a,v,7.311173,6.415500
a,v,7.312172,6.416500
a,v,7.313171,6.417500
a,v,7.314171,6.418500
a,v,7.315170,6.419500
a,v,7.316170,6.420500
a,v,7.317169,6.421500
a,v,7.318169,6.422500
a,v,7.319168,6.423500
a,v,7.320167,6.424500
a,v,7.321167,6.425500
a,v,7.322166,6.426500
a,v,7.323166,6.427500
a,v,7.324165,6.428500
a,v,7.325165,6.429500
a,v,7.326164,6.430500
a,v,7.327163,6.431500
a,v,7.328163,6.432500
a,v,7.329162,6.433500
a,v,7.330162,6.434500
a,v,7.331161,6.435500
a,v,7.332160,6.436500
a,v,7.333160,6.437500
a,v,7.334159,6.438500
a,v,7.335159,6.439500
a,v,7.336158,6.440500
a,v,7.337158,6.441500
a,v,7.338157,6.442500
a,v,7.339156,6.443500
a,v,7.340156,6.444500
a,v,7.341155,6.445500
a,v,7.342155,6.446500
a,v,7.343154,6.447500
a,v,7.344154,6.448500
a,v,7.345153,6.449500
a,v,7.346153,6.450500
a,v,7.347152,6.451500
a,v,7.348151,6.452500
a,v,7.349151,6.453500
a,v,7.350150,6.454500
a,v,7.351150,6.455500
a,v,7.352149,6.456500
a,v,7.353149,6.457500
a,v,7.354148,6.458500
a,v,7.355147,6.459500
a,v,7.356147,6.460500
a,v,7.357146,6.461500
a,v,7.358146,6.462500
a,v,7.359145,6.463500
a,v,7.360145,6.464500
a,v,7.361144,6.465500
a,v,7.362144,6.466500
a,v,7.363143,6.467500
a,v,7.364142,6.468500
a,v,7.365142,6.469500
a,v,7.366141,6.470500
a,v,7.367141,6.471500
a,v,7.368140,6.472500
a,v,7.369140,6.473500
a,v,7.370139,6.474500
a,v,7.371139,6.475500
a,v,7.372138,6.476500
a,v,7.373137,6.477500
a,v,7.374137,6.478500
a,v,7.375136,6.479500
a,v,7.376136,6.480500
a,v,7.377135,6.481500
a,v,7.378135,6.482500
a,v,7.379134,6.483500
a,v,7.380134,6.484500
a,v,7.381133,6.485500
a,v,7.382132,6.486500
a,v,7.383132,6.487500
a,v,7.384131,6.488500
a,v,7.385131,6.489500
a,v,7.386130,6.490500
a,v,7.387130,6.491500
a,v,7.388129,6.492500
a,v,7.389129,6.493500
a,v,7.390128,6.494500
a,v,7.391127,6.495500
a,v,7.392127,6.496500
a,v,7.393126,6.497500
a,v,7.394126,6.498500
a,v,7.395125,6.499500
a,v,7.396125,6.500500
a,v,7.397124,6.501500
a,v,7.398124,6.502500
a,v,7.399123,6.503500
a,v,7.400123,6.504500
a,v,7.401122,6.505500
a,v,7.402122,6.506500
a,v,7.403121,6.507500
a,v,7.404120,6.508500
a,v,7.405120,6.509500
a,v,7.406119,6.510500
a,v,7.407119,6.511500
a,v,7.408118,6.512500
a,v,7.409118,6.513500
a,v,7.410117,6.514500
a,v,7.411117,6.515500
a,v,7.412116,6.516500
a,v,7.413116,6.517500
a,v,7.414115,6.518500
a,v,7.415115,6.519500
a,v,7.416114,6.520500
a,v,7.417113,6.521500
a,v,7.418113,6.522500
a,v,7.419112,6.523500
a,v,7.420112,6.524500
a,v,7.421111,6.525500
a,v,7.422111,6.526500
a,v,7.423110,6.527500
a,v,7.424110,6.528500
a,v,7.425109,6.529500
a,v,7.426109,6.530500
a,v,7.427108,6.531500
a,v,7.428108,6.532500
a,v,7.429107,6.533500
a,v,7.430107,6.534500
a,v,7.431106,6.535500
a,v,7.432105,6.536500
a,v,7.433105,6.537500
a,v,7.434104,6.538500
a,v,7.435104,6.539500
a,v,7.436103,6.540500
a,v,7.437103,6.541500
a,v,7.438102,6.542500
a,v,7.439102,6.543500
a,v,7.440101,6.544500
a,v,7.441101,6.545500
a,v,7.442100,6.546500
a,v,7.443100,6.547500
a,v,7.444099,6.548500
a,v,7.445099,6.549500
a,v,7.446098,6.550500
a,v,7.447098,6.551500
a,v,7.448097,6.552500
a,v,7.449097,6.553500
a,v,7.450096,6.554500
a,v,7.451096,6.555500
a,v,7.452095,6.556500
a,v,7.453094,6.557500
a,v,7.454094,6.558500
a,v,7.455093,6.559500
a,v,7.456093,6.560500
a,v,7.457092,6.561500
a,v,7.458092,6.562500
a,v,7.459091,6.563500
a,v,7.460091,6.564500
a,v,7.461090,6.565500
a,v,7.462090,6.566500
a,v,7.463089,6.567500
a,v,7.464089,6.568500
a,v,7.465088,6.569500
a,v,7.466088,6.570500
a,v,7.467087,6.571500
a,v,7.468087,6.572500
a,v,7.469086,6.573500
a,v,7.470086,6.574500
a,v,7.471085,6.575500
a,v,7.472085,6.576500
a,v,7.473084,6.577500
a,v,7.474084,6.578500
a,v,7.475083,6.579500
a,v,7.476083,6.580500
a,v,7.477082,6.581500
a,v,7.478082,6.582500
a,v,7.479081,6.583500
a,v,7.480081,6.584500
a,v,7.481080,6.585500
a,v,7.482080,6.586500
a,v,7.483079,6.587500
a,v,7.484079,6.588500
a,v,7.485078,6.589500
a,v,7.486078,6.590500
a,v,7.487077,6.591500
a,v,7.488077,6.592500
a,v,7.489076,6.593500
a,v,7.490076,6.594500
a,v,7.491075,6.595500
a,v,7.492075,6.596500
a,v,7.493074,6.597500
a,v,7.494074,6.598500
a,v,7.495073,6.599500
a,v,7.496073,6.600500
a,v,7.497072,6.601500
a,v,7.498072,6.602500
a,v,7.499071,6.603500
a,v,7.500071,6.604500
a,v,7.501070,6.605500
a,v,7.502070,6.606500
a,v,7.503069,6.607500
a,v,7.504069,6.608500
a,v,7.505068,6.609500
a,v,7.506068,6.610500
a,v,7.507067,6.611500
a,v,7.508067,6.612500
a,v,7.509066,6.613500
a,v,7.510066,6.614500
a,v,7.511065,6.615500
a,v,7.512065,6.616500
a,v,7.513064,6.617500
a,v,7.514064,6.618500
a,v,7.515063,6.619500
a,v,7.516063,6.620500
a,v,7.517062,6.621500
a,v,7.518062,6.622500
a,v,7.519061,6.623500
a,v,7.520061,6.624500
a,v,7.521060,6.625500
a,v,7.522060,6.626500
a,v,7.523059,6.627500
a,v,7.524059,6.628500
a,v,7.525058,6.629500
a,v,7.526058,6.630500
a,v,7.527057,6.631500
a,v,7.528057,6.632500
a,v,7.529056,6.633500
a,v,7.530056,6.634500
a,v,7.531055,6.635500
a,v,7.532055,6.636500
a,v,7.533054,6.637500
a,v,7.534054,6.638500
a,v,7.535053,6.639500
a,v,7.536053,6.640500
a,v,7.537052,6.641500
a,v,7.538052,6.642500
a,v,7.539051,6.643500
a,v,7.540051,6.644500
a,v,7.541050,6.645500
a,v,7.542050,6.646500
a,v,7.543049,6.647500
a,v,7.544049,6.648500
a,v,7.545049,6.649500
a,v,7.546048,6.650500
a,v,7.547048,6.651500
a,v,7.548047,6.652500
a,v,7.549047,6.653500
a,v,7.550046,6.654500
a,v,7.551046,6.655500
a,v,7.552045,6.656500
a,v,7.553045,6.657500
a,v,7.554044,6.658500
a,v,7.555044,6.659500
a,v,7.556043,6.660500
a,v,7.557043,6.661500
a,v,7.558042,6.662500
a,v,7.559042,6.663500
a,v,7.560041,6.664500
a,v,7.561041,6.665500
a,v,7.562040,6.666500
a,v,7.563040,6.667500
a,v,7.564039,6.668500
a,v,7.565039,6.669500
a,v,7.566039,6.670500
a,v,7.567038,6.671500
a,v,7.568038,6.672500
a,v,7.569037,6.673500
a,v,7.570037,6.674500
a,v,7.571036,6.675500
a,v,7.572036,6.676500
a,v,7.573035,6.677500
a,v,7.574035,6.678500
a,v,7.575034,6.679500
a,v,7.576034,6.680500
a,v,7.577033,6.681500
a,v,7.578033,6.682500
a,v,7.579032,6.683500
a,v,7.580032,6.684500
a,v,7.581031,6.685500
a,v,7.582031,6.686500
a,v,7.583031,6.687500
a,v,7.584030,6.688500
a,v,7.585030,6.689500
a,v,7.586029,6.690500
a,v,7.587029,6.691500
a,v,7.588028,6.692500
a,v,7.589028,6.693500
a,v,7.590027,6.694500
a,v,7.591027,6.695500
a,v,7.592026,6.696500
a,v,7.593026,6.697500
a,v,7.594025,6.698500
a,v,7.595025,6.699500
a,v,7.596025,6.700500
a,v,7.597024,6.701500
a,v,7.598024,6.702500
a,v,7.599023,6.703500
a,v,7.600023,6.704500
a,v,7.601022,6.705500
a,v,7.602022,6.706500
a,v,7.603021,6.707500
a,v,7.604021,6.708500
a,v,7.605020,6.709500
a,v,7.606020,6.710500
a,v,7.607019,6.711500
a,v,7.608019,6.712500
a,v,7.609019,6.713500
a,v,7.610018,6.714500
a,v,7.611018,6.715500
a,v,7.612017,6.716500
a,v,7.613017,6.717500
a,v,7.614016,6.718500
a,v,7.615016,6.719500
a,v,7.616015,6.720500
a,v,7.617015,6.721500
a,v,7.618014,6.722500
a,v,7.619014,6.723500
a,v,7.620014,6.724500
a,v,7.621013,6.725500
a,v,7.622013,6.726500
a,v,7.623012,6.727500
a,v,7.624012,6.728500
a,v,7.625011,6.729500
a,v,7.626011,6.730500
a,v,7.627010,6.731500
a,v,7.628010,6.732500
a,v,7.629010,6.733500
a,v,7.630009,6.734500
a,v,7.631009,6.735500
a,v,7.632008,6.736500
a,v,7.633008,6.737500
a,v,7.634007,6.738500
a,v,7.635007,6.739500
a,v,7.636006,6.740500
a,v,7.637006,6.741500
a,v,7.638006,6.742500
a,v,7.639005,6.743500
a,v,7.640005,6.744500
a,v,7.641004,6.745500
a,v,7.642004,6.746500
a,v,7.643003,6.747500
a,v,7.644003,6.748500
a,v,7.645002,6.749500
a,v,7.646002,6.750500
a,v,7.647002,6.751500
a,v,7.648001,6.752500
a,v,7.649001,6.753500
a,v,7.650000,6.754500
a,v,7.651000,6.755500
a,v,7.651999,6.756500
a,v,7.652999,6.757500
a,v,7.653998,6.758500
a,v,7.654998,6.759500
a,v,7.655998,6.760500
a,v,7.656997,6.761500
a,v,7.657997,6.762500
a,v,7.658996,6.763500
a,v,7.659996,6.764500
a,v,7.660995,6.765500
a,v,7.661995,6.766500
a,v,7.662995,6.767500
a,v,7.663994,6.768500
a,v,7.664994,6.769500
a,v,7.665993,6.770500
a,v,7.666993,6.771500
a,v,7.667992,6.772500
a,v,7.668992,6.773500
a,v,7.669991,6.774500
a,v,7.670991,6.775500
a,v,7.671991,6.776500
a,v,7.672990,6.777500
a,v,7.673990,6.778500
a,v,7.674989,6.779500
a,v,7.675989,6.780500
a,v,7.676988,6.781500
a,v,7.677988,6.782500
a,v,7.678988,6.783500
a,v,7.679987,6.784500
a,v,7.680987,6.785500
a,v,7.681986,6.786500
a,v,7.682986,6.787500
a,v,7.683985,6.788500
a,v,7.684985,6.789500
a,v,7.685985,6.790500
a,v,7.686984,6.791500
a,v,7.687984,6.792500
a,v,7.688983,6.793500
a,v,7.689983,6.794500
a,v,7.690982,6.795500
a,v,7.691982,6.796500
a,v,7.692982,6.797500
a,v,7.693981,6.798500
a,v,7.694981,6.799500
a,v,7.695980,6.800500
a,v,7.696980,6.801500
a,v,7.697980,6.802500
a,v,7.698979,6.803500
a,v,7.699979,6.804500
a,v,7.700978,6.805500
a,v,7.701978,6.806500
a,v,7.702977,6.807500
a,v,7.703977,6.808500
a,v,7.704977,6.809500
a,v,7.705976,6.810500
a,v,7.706976,6.811500
a,v,7.707975,6.812500
a,v,7.708975,6.813500
a,v,7.709974,6.814500
a,v,7.710974,6.815500
a,v,7.711974,6.816500
a,v,7.712973,6.817500
a,v,7.713973,6.818500
a,v,7.714972,6.819500
a,v,7.715972,6.820500
a,v,7.716972,6.821500
a,v,7.717971,6.822500
a,v,7.718971,6.823500
a,v,7.719970,6.824500
a,v,7.720970,6.825500
a,v,7.721969,6.826500
a,v,7.722969,6.827500
a,v,7.723969,6.828500
a,v,7.724968,6.829500
a,v,7.725968,6.830500
a,v,7.726967,6.831500
a,v,7.727967,6.832500
a,v,7.728967,6.833500
a,v,7.729966,6.834500
a,v,7.730966,6.835500
a,v,7.731965,6.836500
a,v,7.732965,6.837500
a,v,7.733965,6.838500
a,v,7.734964,6.839500
a,v,7.735964,6.840500
a,v,7.736963,6.841500
a,v,7.737963,6.842500
a,v,7.738963,6.843500
a,v,7.739962,6.844500
a,v,7.740962,6.845500
a,v,7.741961,6.846500
a,v,7.742961,6.847500
a,v,7.743960,6.848500
a,v,7.744960,6.849500
a,v,7.745960,6.850500
a,v,7.746959,6.851500
a,v,7.747959,6.852500
a,v,7.748958,6.853500
a,v,7.749958,6.854500
a,v,7.750958,6.855500
a,v,7.751957,6.856500
a,v,7.752957,6.857500
a,v,7.753956,6.858500
a,v,7.754956,6.859500
a,v,7.755956,6.860500
a,v,7.756955,6.861500
a,v,7.757955,6.862500
a,v,7.758954,6.863500
a,v,7.759954,6.864500
a,v,7.760954,6.865500
a,v,7.761953,6.866500
a,v,7.762953,6.867500
a,v,7.763952,6.868500
a,v,7.764952,6.869500
a,v,7.765952,6.870500
a,v,7.766951,6.871500
a,v,7.767951,6.872500
a,v,7.768950,6.873500
a,v,7.769950,6.874500
a,v,7.770950,6.875500
a,v,7.771949,6.876500
a,v,7.772949,6.877500
a,v,7.773948,6.878500
a,v,7.774948,6.879500
a,v,7.775948,6.880500
a,v,7.776947,6.881500
a,v,7.777947,6.882500
a,v,7.778946,6.883500
a,v,7.779946,6.884500
a,v,7.780946,6.885500
a,v,7.781945,6.886500
a,v,7.782945,6.887500
a,v,7.783945,6.888500
a,v,7.784944,6.889500
a,v,7.785944,6.890500
a,v,7.786943,6.891500
a,v,7.787943,6.892500
a,v,7.788943,6.893500
a,v,7.789942,6.894500
a,v,7.790942,6.895500
a,v,7.791941,6.896500
a,v,7.792941,6.897500
a,v,7.793941,6.898500
a,v,7.794940,6.899500
a,v,7.795940,6.900500
a,v,7.796939,6.901500
a,v,7.797939,6.902500
a,v,7.798939,6.903500
a,v,7.799938,6.904500
a,v,7.800938,6.905500
a,v,7.801938,6.906500
a,v,7.802937,6.907500
a,v,7.803937,6.908500
a,v,7.804936,6.909500
a,v,7.805936,6.910500
a,v,7.806936,6.911500
a,v,7.807935,6.912500
a,v,7.808935,6.913500
a,v,7.809934,6.914500
a,v,7.810934,6.915500
a,v,7.811934,6.916500
a,v,7.812933,6.917500
a,v,7.813933,6.918500
a,v,7.814933,6.919500
a,v,7.815932,6.920500
a,v,7.816932,6.921500
a,v,7.817931,6.922500
a,v,7.818931,6.923500
a,v,7.819931,6.924500
a,v,7.820930,6.925500
a,v,7.821930,6.926500
a,v,7.822929,6.927500
a,v,7.823929,6.928500
a,v,7.824929,6.929500
a,v,7.825928,6.930500
a,v,7.826928,6.931500
a,v,7.827928,6.932500
a,v,7.828927,6.933500
a,v,7.829927,6.934500
a,v,7.830926,6.935500
a,v,7.831926,6.936500
a,v,7.832926,6.937500
a,v,7.833925,6.938500
a,v,7.834925,6.939500
a,v,7.835925,6.940500
a,v,7.836924,6.941500
a,v,7.837924,6.942500
a,v,7.838923,6.943500
a,v,7.839923,6.944500
a,v,7.840923,6.945500
a,v,7.841922,6.946500
a,v,7.842922,6.947500
a,v,7.843922,6.948500
a,v,7.844921,6.949500
a,v,7.845921,6.950500
a,v,7.846920,6.951500
a,v,7.847920,6.952500
a,v,7.848920,6.953500
a,v,7.849919,6.954500
a,v,7.850919,6.955500
a,v,7.851919,6.956500
a,v,7.852918,6.957500
a,v,7.853918,6.958500
a,v,7.854918,6.959500
a,v,7.855917,6.960500
a,v,7.856917,6.961500
a,v,7.857916,6.962500
a,v,7.858916,6.963500
a,v,7.859916,6.964500
a,v,7.860915,6.965500
a,v,7.861915,6.966500
a,v,7.862915,6.967500
a,v,7.863914,6.968500
a,v,7.864914,6.969500
a,v,7.865913,6.970500
a,v,7.866913,6.971500
a,v,7.867913,6.972500
a,v,7.868912,6.973500
a,v,7.869912,6.974500
a,v,7.870912,6.975500
a,v,7.871911,6.976500
a,v,7.872911,6.977500
a,v,7.873911,6.978500
a,v,7.874910,6.979500
a,v,7.875910,6.980500
a,v,7.876910,6.981500
a,v,7.877909,6.982500
a,v,7.878909,6.983500
a,v,7.879908,6.984500
a,v,7.880908,6.985500
a,v,7.881908,6.986500
a,v,7.882907,6.987500
a,v,7.883907,6.988500
a,v,7.884907,6.989500
a,v,7.885906,6.990500
a,v,7.886906,6.991500
a,v,7.887906,6.992500
a,v,7.888905,6.993500
a,v,7.889905,6.994500
a,v,7.890904,6.995500
a,v,7.891904,6.996500
a,v,7.892904,6.997500
a,v,7.893903,6.998500
a,v,7.894903,6.999500
a,v,7.895903,7.000500
a,v,7.896902,7.001500
a,v,7.897902,7.002500
a,v,7.898902,7.003500
a,v,7.899901,7.004500
a,v,7.900901,7.005500
a,v,7.901901,7.006500
a,v,7.902900,7.007500
a,v,7.903900,7.008500
a,v,7.904900,7.009500
a,v,7.905899,7.010500
a,v,7.906899,7.011500
a,v,7.907898,7.012500
a,v,7.908898,7.013500
a,v,7.909898,7.014500
a,v,7.910897,7.015500
a,v,7.911897,7.016500
a,v,7.912897,7.017500
a,v,7.913896,7.018500
a,v,7.914896,7.019500
a,v,7.915896,7.020500
a,v,7.916895,7.021500
a,v,7.917895,7.022500
a,v,7.918895,7.023500
a,v,7.919894,7.024500
a,v,7.920894,7.025500
a,v,7.921894,7.026500
a,v,7.922893,7.027500
a,v,7.923893,7.028500
a,v,7.924893,7.029500
a,v,7.925892,7.030500
a,v,7.926892,7.031500
a,v,7.927891,7.032500
a,v,7.928891,7.033500
a,v,7.929891,7.034500
a,v,7.930890,7.035500
a,v,7.931890,7.036500
a,v,7.932890,7.037500
a,v,7.933889,7.038500
a,v,7.934889,7.039500
a,v,7.935889,7.040500
a,v,7.936888,7.041500
a,v,7.937888,7.042500
a,v,7.938888,7.043500
a,v,7.939887,7.044500
a,v,7.940887,7.045500
a,v,7.941887,7.046500
a,v,7.942886,7.047500
a,v,7.943886,7.048500
a,v,7.944886,7.049500
a,v,7.945885,7.050500
a,v,7.946885,7.051500
a,v,7.947885,7.052500
a,v,7.948884,7.053500
a,v,7.949884,7.054500
a,v,7.950884,7.055500
a,v,7.951883,7.056500
a,v,7.952883,7.057500
a,v,7.953883,7.058500
a,v,7.954882,7.059500
a,v,7.955882,7.060500
a,v,7.956882,7.061500
a,v,7.957881,7.062500
a,v,7.958881,7.063500
a,v,7.959881,7.064500
a,v,7.960880,7.065500
a,v,7.961880,7.066500
a,v,7.962880,7.067500
a,v,7.963879,7.068500
a,v,7.964879,7.069500
a,v,7.965879,7.070500
a,v,7.966878,7.071500
a,v,7.967878,7.072500
a,v,7.968878,7.073500
a,v,7.969877,7.074500
a,v,7.970877,7.075500
a,v,7.971877,7.076500
a,v,7.972876,7.077500
a,v,7.973876,7.078500
a,v,7.974876,7.079500
a,v,7.975875,7.080500
a,v,7.976875,7.081500
a,v,7.977875,7.082500
a,v,7.978874,7.083500
a,v,7.979874,7.084500
a,v,7.980874,7.085500
a,v,7.981873,7.086500
a,v,7.982873,7.087500
a,v,7.983873,7.088500
a,v,7.984872,7.089500
a,v,7.985872,7.090500
a,v,7.986872,7.091500
a,v,7.987871,7.092500
a,v,7.988871,7.093500
a,v,7.989871,7.094500
a,v,7.990870,7.095500
a,v,7.991870,7.096500
a,v,7.992870,7.097500
a,v,7.993869,7.098500
a,v,7.994869,7.099500
a,v,7.995869,7.100500
a,v,7.996868,7.101500
a,v,7.997868,7.102500
a,v,7.998868,7.103500
a,v,7.999867,7.104500
a,v,8.000867,7.105500
a,v,8.001867,7.106500
a,v,8.002866,7.107500
a,v,8.003866,7.108500
a,v,8.004866,7.109500
a,v,8.005866,7.110500
a,v,8.006865,7.111500
a,v,8.007865,7.112500
a,v,8.008865,7.113500
a,v,8.009864,7.114500
a,v,8.010864,7.115500
a,v,8.011864,7.116500
a,v,8.012863,7.117500
a,v,8.013863,7.118500
a,v,8.014863,7.119500
a,v,8.015862,7.120500
a,v,8.016862,7.121500
a,v,8.017862,7.122500
a,v,8.018861,7.123500
a,v,8.019861,7.124500
a,v,8.020861,7.125500
a,v,8.021860,7.126500
a,v,8.022860,7.127500
a,v,8.023860,7.128500
a,v,8.024859,7.129500
a,v,8.025859,7.130500
a,v,8.026859,7.131500
a,v,8.027859,7.132500
a,v,8.028858,7.133500
a,v,8.029858,7.134500
a,v,8.030858,7.135500
a,v,8.031857,7.136500
a,v,8.032857,7.137500
a,v,8.033857,7.138500
a,v,8.034856,7.139500
a,v,8.035856,7.140500
a,v,8.036856,7.141500
a,v,8.037855,7.142500
a,v,8.038855,7.143500
a,v,8.039855,7.144500
a,v,8.040854,7.145500
a,v,8.041854,7.146500
a,v,8.042854,7.147500
a,v,8.043854,7.148500
a,v,8.044853,7.149500
a,v,8.045853,7.150500
a,v,8.046853,7.151500
a,v,8.047852,7.152500
a,v,8.048852,7.153500
a,v,8.049852,7.154500
a,v,8.050851,7.155500
a,v,8.051851,7.156500
a,v,8.052851,7.157500
a,v,8.053850,7.158500
a,v,8.054850,7.159500
a,v,8.055850,7.160500
a,v,8.056850,7.161500
a,v,8.057849,7.162500
a,v,8.058849,7.163500
a,v,8.059849,7.164500
a,v,8.060848,7.165500
a,v,8.061848,7.166500
a,v,8.062848,7.167500
a,v,8.063847,7.168500
a,v,8.064847,7.169500
a,v,8.065847,7.170500
a,v,8.066846,7.171500
a,v,8.067846,7.172500
a,v,8.068846,7.173500
a,v,8.069846,7.174500
a,v,8.070845,7.175500
a,v,8.071845,7.176500
a,v,8.072845,7.177500
a,v,8.073844,7.178500
a,v,8.074844,7.179500
a,v,8.075844,7.180500
a,v,8.076843,7.181500
a,v,8.077843,7.182500
a,v,8.078843,7.183500
a,v,8.079843,7.184500
a,v,8.080842,7.185500
a,v,8.081842,7.186500
a,v,8.082842,7.187500
a,v,8.083841,7.188500
a,v,8.084841,7.189500
a,v,8.085841,7.190500
a,v,8.086840,7.191500
a,v,8.087840,7.192500
a,v,8.088840,7.193500
a,v,8.089840,7.194500
a,v,8.090839,7.195500
a,v,8.091839,7.196500
a,v,8.092839,7.197500
a,v,8.093838,7.198500
a,v,8.094838,7.199500
a,v,8.095838,7.200500
a,v,8.096837,7.201500
a,v,8.097837,7.202500
a,v,8.098837,7.203500
a,v,8.099837,7.204500
a,v,8.100836,7.205500
a,v,8.101836,7.206500
a,v,8.102836,7.207500
a,v,8.103835,7.208500
a,v,8.104835,7.209500
a,v,8.105835,7.210500
a,v,8.106835,7.211500
a,v,8.107834,7.212500
a,v,8.108834,7.213500
a,v,8.109834,7.214500
a,v,8.110833,7.215500
a,v,8.111833,7.216500
a,v,8.112833,7.217500
a,v,8.113833,7.218500
a,v,8.114832,7.219500
a,v,8.115832,7.220500
a,v,8.116832,7.221500
a,v,8.117831,7.222500
a,v,8.118831,7.223500
a,v,8.119831,7.224500
a,v,8.120830,7.225500
a,v,8.121830,7.226500
a,v,8.122830,7.227500
a,v,8.123830,7.228500
a,v,8.124829,7.229500
a,v,8.125829,7.230500
a,v,8.126829,7.231500
a,v,8.127828,7.232500
a,v,8.128828,7.233500
a,v,8.129828,7.234500
a,v,8.130828,7.235500
a,v,8.131827,7.236500
a,v,8.132827,7.237500
a,v,8.133827,7.238500
a,v,8.134826,7.239500
a,v,8.135826,7.240500
a,v,8.136826,7.241500
a,v,8.137826,7.242500
a,v,8.138825,7.243500
a,v,8.139825,7.244500
a,v,8.140825,7.245500
a,v,8.141824,7.246500
a,v,8.142824,7.247500
a,v,8.143824,7.248500
a,v,8.144824,7.249500
a,v,8.145823,7.250500
a,v,8.146823,7.251500
a,v,8.147823,7.252500
a,v,8.148823,7.253500
a,v,8.149822,7.254500
a,v,8.150822,7.255500
a,v,8.151822,7.256500
a,v,8.152821,7.257500
a,v,8.153821,7.258500
a,v,8.154821,7.259500
a,v,8.155821,7.260500
a,v,8.156820,7.261500
a,v,8.157820,7.262500
a,v,8.158820,7.263500
a,v,8.159819,7.264500
a,v,8.160819,7.265500
a,v,8.161819,7.266500
a,v,8.162819,7.267500
a,v,8.163818,7.268500
a,v,8.164818,7.269500
a,v,8.165818,7.270500
a,v,8.166818,7.271500
a,v,8.167817,7.272500
a,v,8.168817,7.273500
a,v,8.169817,7.274500
a,v,8.170816,7.275500
a,v,8.171816,7.276500
a,v,8.172816,7.277500
a,v,8.173816,7.278500
a,v,8.174815,7.279500
a,v,8.175815,7.280500
a,v,8.176815,7.281500
a,v,8.177814,7.282500
a,v,8.178814,7.283500
a,v,8.179814,7.284500
a,v,8.180814,7.285500
a,v,8.181813,7.286500
a,v,8.182813,7.287500
a,v,8.183813,7.288500
a,v,8.184813,7.289500
a,v,8.185812,7.290500
a,v,8.186812,7.291500
a,v,8.187812,7.292500
a,v,8.188811,7.293500
a,v,8.189811,7.294500
a,v,8.190811,7.295500
a,v,8.191811,7.296500
a,v,8.192810,7.297500
a,v,8.193810,7.298500
a,v,8.194810,7.299500
a,v,8.195810,7.300500
a,v,8.196809,7.301500
a,v,8.197809,7.302500
a,v,8.198809,7.303500
a,v,8.199809,7.304500
a,v,8.200808,7.305500
a,v,8.201808,7.306500
a,v,8.202808,7.307500
a,v,8.203807,7.308500
a,v,8.204807,7.309500
a,v,8.205807,7.310500
a,v,8.206807,7.311500
a,v,8.207806,7.312500
a,v,8.208806,7.313500
a,v,8.209806,7.314500
a,v,8.210806,7.315500
a,v,8.211805,7.316500
a,v,8.212805,7.317500
a,v,8.213805,7.318500
a,v,8.214805,7.319500
a,v,8.215804,7.320500
a,v,8.216804,7.321500
a,v,8.217804,7.322500
a,v,8.218804,7.323500
a,v,8.219803,7.324500
a,v,8.220803,7.325500
a,v,8.221803,7.326500
a,v,8.222802,7.327500
a,v,8.223802,7.328500
a,v,8.224802,7.329500
a,v,8.225802,7.330500
a,v,8.226801,7.331500
a,v,8.227801,7.332500
a,v,8.228801,7.333500
a,v,8.229801,7.334500
a,v,8.230800,7.335500
a,v,8.231800,7.336500
a,v,8.232800,7.337500
a,v,8.233800,7.338500
a,v,8.234799,7.339500
a,v,8.235799,7.340500
a,v,8.236799,7.341500
a,v,8.237799,7.342500
a,v,8.238798,7.343500
a,v,8.239798,7.344500
a,v,8.240798,7.345500
a,v,8.241798,7.346500
a,v,8.242797,7.347500
a,v,8.243797,7.348500
a,v,8.244797,7.349500
a,v,8.245797,7.350500
a,v,8.246796,7.351500
a,v,8.247796,7.352500
a,v,8.248796,7.353500
a,v,8.249796,7.354500
a,v,8.250795,7.355500
a,v,8.251795,7.356500
a,v,8.252795,7.357500
a,v,8.253794,7.358500
a,v,8.254794,7.359500
a,v,8.255794,7.360500
a,v,8.256794,7.361500
a,v,8.257793,7.362500
a,v,8.258793,7.363500
a,v,8.259793,7.364500
a,v,8.260793,7.365500
a,v,8.261792,7.366500
a,v,8.262792,7.367500
a,v,8.263792,7.368500
a,v,8.264792,7.369500
a,v,8.265791,7.370500
a,v,8.266791,7.371500
a,v,8.267791,7.372500
a,v,8.268791,7.373500
a,v,8.269790,7.374500
a,v,8.270790,7.375500
a,v,8.271790,7.376500
a,v,8.272790,7.377500
a,v,8.273789,7.378500
a,v,8.274789,7.379500
a,v,8.275789,7.380500
a,v,8.276789,7.381500
a,v,8.277788,7.382500
a,v,8.278788,7.383500
a,v,8.279788,7.384500
a,v,8.280788,7.385500
a,v,8.281787,7.386500
a,v,8.282787,7.387500
a,v,8.283787,7.388500
a,v,8.284787,7.389500
a,v,8.285787,7.390500
a,v,8.286786,7.391500
a,v,8.287786,7.392500
a,v,8.288786,7.393500
a,v,8.289786,7.394500
a,v,8.290785,7.395500
a,v,8.291785,7.396500
a,v,8.292785,7.397500
a,v,8.293785,7.398500
a,v,8.294784,7.399500
a,v,8.295784,7.400500
a,v,8.296784,7.401500
a,v,8.297784,7.402500
a,v,8.298783,7.403500
a,v,8.299783,7.404500
a,v,8.300783,7.405500
a,v,8.301783,7.406500
a,v,8.302782,7.407500
a,v,8.303782,7.408500
a,v,8.304782,7.409500
a,v,8.305782,7.410500
a,v,8.306781,7.411500
a,v,8.307781,7.412500
a,v,8.308781,7.413500
a,v,8.309781,7.414500
a,v,8.310780,7.415500
a,v,8.311780,7.416500
a,v,8.312780,7.417500
a,v,8.313780,7.418500
a,v,8.314779,7.419500
a,v,8.315779,7.420500
a,v,8.316779,7.421500
a,v,8.317779,7.422500
a,v,8.318779,7.423500
a,v,8.319778,7.424500
a,v,8.320778,7.425500
a,v,8.321778,7.426500
a,v,8.322778,7.427500
a,v,8.323777,7.428500
a,v,8.324777,7.429500
a,v,8.325777,7.430500
a,v,8.326777,7.431500
a,v,8.327776,7.432500
a,v,8.328776,7.433500
a,v,8.329776,7.434500
a,v,8.330776,7.435500
a,v,8.331775,7.436500
a,v,8.332775,7.437500
a,v,8.333775,7.438500
a,v,8.334775,7.439500
a,v,8.335775,7.440500
a,v,8.336774,7.441500
a,v,8.337774,7.442500
a,v,8.338774,7.443500
a,v,8.339774,7.444500
a,v,8.340773,7.445500
a,v,8.341773,7.446500
a,v,8.342773,7.447500
a,v,8.343773,7.448500
a,v,8.344772,7.449500
a,v,8.345772,7.450500
a,v,8.346772,7.451500
a,v,8.347772,7.452500
a,v,8.348772,7.453500
a,v,8.349771,7.454500
a,v,8.350771,7.455500
a,v,8.351771,7.456500
a,v,8.352771,7.457500
a,v,8.353770,7.458500
a,v,8.354770,7.459500
a,v,8.355770,7.460500
a,v,8.356770,7.461500
a,v,8.357769,7.462500
a,v,8.358769,7.463500
a,v,8.359769,7.464500
a,v,8.360769,7.465500
a,v,8.361769,7.466500
a,v,8.362768,7.467500
a,v,8.363768,7.468500
a,v,8.364768,7.469500
a,v,8.365768,7.470500
a,v,8.366767,7.471500
a,v,8.367767,7.472500
a,v,8.368767,7.473500
a,v,8.369767,7.474500
a,v,8.370767,7.475500
a,v,8.371766,7.476500
a,v,8.372766,7.477500
a,v,8.373766,7.478500
a,v,8.374766,7.479500
a,v,8.375765,7.480500
a,v,8.376765,7.481500
a,v,8.377765,7.482500
a,v,8.378765,7.483500
a,v,8.379765,7.484500
a,v,8.380764,7.485500
a,v,8.381764,7.486500
a,v,8.382764,7.487500
a,v,8.383764,7.488500
a,v,8.384763,7.489500
a,v,8.385763,7.490500
a,v,8.386763,7.491500
a,v,8.387763,7.492500
a,v,8.388763,7.493500
a,v,8.389762,7.494500
a,v,8.390762,7.495500
a,v,8.391762,7.496500
a,v,8.392762,7.497500
a,v,8.393761,7.498500
a,v,8.394761,7.499500
a,v,8.395761,7.500500
a,v,8.396761,7.501500
a,v,8.397761,7.502500
a,v,8.398760,7.503500
a,v,8.399760,7.504500
a,v,8.400760,7.505500
a,v,8.401760,7.506500
a,v,8.402759,7.507500
a,v,8.403759,7.508500
a,v,8.404759,7.509500
a,v,8.405759,7.510500
a,v,8.406759,7.511500
a,v,8.407758,7.512500
a,v,8.408758,7.513500
a,v,8.409758,7.514500
a,v,8.410758,7.515500
a,v,8.411758,7.516500
a,v,8.412757,7.517500
a,v,8.413757,7.518500
a,v,8.414757,7.519500
a,v,8.415757,7.520500
a,v,8.416756,7.521500
a,v,8.417756,7.522500
a,v,8.418756,7.523500
a,v,8.419756,7.524500
a,v,8.420756,7.525500
a,v,8.421755,7.526500
a,v,8.422755,7.527500
a,v,8.423755,7.528500
a,v,8.424755,7.529500
a,v,8.425755,7.530500
a,v,8.426754,7.531500
a,v,8.427754,7.532500
a,v,8.428754,7.533500
a,v,8.429754,7.534500
a,v,8.430753,7.535500
a,v,8.431753,7.536500
a,v,8.432753,7.537500
a,v,8.433753,7.538500
a,v,8.434753,7.539500
a,v,8.435752,7.540500
a,v,8.436752,7.541500
a,v,8.437752,7.542500
a,v,8.438752,7.543500
a,v,8.439752,7.544500
a,v,8.440751,7.545500
a,v,8.441751,7.546500
a,v,8.442751,7.547500
a,v,8.443751,7.548500
a,v,8.444751,7.549500
a,v,8.445750,7.550500
a,v,8.446750,7.551500
a,v,8.447750,7.552500
a,v,8.448750,7.553500
a,v,8.449749,7.554500
a,v,8.450749,7.555500
a,v,8.451749,7.556500
a,v,8.452749,7.557500
a,v,8.453749,7.558500
a,v,8.454748,7.559500
a,v,8.455748,7.560500
a,v,8.456748,7.561500
a,v,8.457748,7.562500
a,v,8.458748,7.563500
a,v,8.459747,7.564500
a,v,8.460747,7.565500
a,v,8.461747,7.566500
a,v,8.462747,7.567500
a,v,8.463747,7.568500
a,v,8.464746,7.569500
a,v,8.465746,7.570500
a,v,8.466746,7.571500
a,v,8.467746,7.572500
a,v,8.468746,7.573500
a,v,8.469745,7.574500
a,v,8.470745,7.575500
a,v,8.471745,7.576500
a,v,8.472745,7.577500
a,v,8.473745,7.578500
a,v,8.474744,7.579500
a,v,8.475744,7.580500
a,v,8.476744,7.581500
a,v,8.477744,7.582500
a,v,8.478744,7.583500
a,v,8.479743,7.584500
a,v,8.480743,7.585500
a,v,8.481743,7.586500
a,v,8.482743,7.587500
a,v,8.483743,7.588500
a,v,8.484742,7.589500
a,v,8.485742,7.590500
a,v,8.486742,7.591500
a,v,8.487742,7.592500
a,v,8.488742,7.593500
a,v,8.489741,7.594500
a,v,8.490741,7.595500
a,v,8.491741,7.596500
a,v,8.492741,7.597500
a,v,8.493741,7.598500
a,v,8.494740,7.599500
a,v,8.495740,7.600500
a,v,8.496740,7.601500
a,v,8.497740,7.602500
a,v,8.498740,7.603500
a,v,8.499739,7.604500
a,v,8.500739,7.605500
a,v,8.501739,7.606500
a,v,8.502739,7.607500
a,v,8.503739,7.608500
a,v,8.504738,7.609500
a,v,8.505738,7.610500
a,v,8.506738,7.611500
a,v,8.507738,7.612500
a,v,8.508738,7.613500
a,v,8.509737,7.614500
a,v,8.510737,7.615500
a,v,8.511737,7.616500
a,v,8.512737,7.617500
a,v,8.513737,7.618500
a,v,8.514737,7.619500
a,v,8.515736,7.620500
a,v,8.516736,7.621500
a,v,8.517736,7.622500
a,v,8.518736,7.623500
a,v,8.519736,7.624500
a,v,8.520735,7.625500
a,v,8.521735,7.626500
a,v,8.522735,7.627500
a,v,8.523735,7.628500
a,v,8.524735,7.629500
a,v,8.525734,7.630500
a,v,8.526734,7.631500
a,v,8.527734,7.632500
a,v,8.528734,7.633500
a,v,8.529734,7.634500
a,v,8.530733,7.635500
a,v,8.531733,7.636500
a,v,8.532733,7.637500
a,v,8.533733,7.638500
a,v,8.534733,7.639500
a,v,8.535733,7.640500
a,v,8.536732,7.641500
a,v,8.537732,7.642500
a,v,8.538732,7.643500
a,v,8.539732,7.644500
a,v,8.540732,7.645500
a,v,8.541731,7.646500
a,v,8.542731,7.647500
a,v,8.543731,7.648500
a,v,8.544731,7.649500
a,v,8.545731,7.650500
a,v,8.546730,7.651500
a,v,8.547730,7.652500
a,v,8.548730,7.653500
a,v,8.549730,7.654500
a,v,8.550730,7.655500
a,v,8.551730,7.656500
a,v,8.552729,7.657500
a,v,8.553729,7.658500
a,v,8.554729,7.659500
a,v,8.555729,7.660500
a,v,8.556729,7.661500
a,v,8.557728,7.662500
a,v,8.558728,7.663500
a,v,8.559728,7.664500
a,v,8.560728,7.665500
a,v,8.561728,7.666500
a,v,8.562728,7.667500
a,v,8.563727,7.668500
a,v,8.564727,7.669500
a,v,8.565727,7.670500
a,v,8.566727,7.671500
a,v,8.567727,7.672500
a,v,8.568726,7.673500
a,v,8.569726,7.674500
a,v,8.570726,7.675500
a,v,8.571726,7.676500
a,v,8.572726,7.677500
a,v,8.573726,7.678500
a,v,8.574725,7.679500
a,v,8.575725,7.680500
a,v,8.576725,7.681500
a,v,8.577725,7.682500
a,v,8.578725,7.683500
a,v,8.579724,7.684500
a,v,8.580724,7.685500
a,v,8.581724,7.686500
a,v,8.582724,7.687500
a,v,8.583724,7.688500
a,v,8.584724,7.689500
a,v,8.585723,7.690500
a,v,8.586723,7.691500
a,v,8.587723,7.692500
a,v,8.588723,7.693500
a,v,8.589723,7.694500
a,v,8.590722,7.695500
a,v,8.591722,7.696500
a,v,8.592722,7.697500
a,v,8.593722,7.698500
a,v,8.594722,7.699500
a,v,8.595722,7.700500
a,v,8.596721,7.701500
a,v,8.597721,7.702500
a,v,8.598721,7.703500
a,v,8.599721,7.704500
a,v,8.600721,7.705500
a,v,8.601721,7.706500
a,v,8.602720,7.707500
a,v,8.603720,7.708500
a,v,8.604720,7.709500
a,v,8.605720,7.710500
a,v,8.606720,7.711500
a,v,8.607720,7.712500
a,v,8.608719,7.713500
a,v,8.609719,7.714500
a,v,8.610719,7.715500
a,v,8.611719,7.716500
a,v,8.612719,7.717500
a,v,8.613718,7.718500
a,v,8.614718,7.719500
a,v,8.615718,7.720500
a,v,8.616718,7.721500
a,v,8.617718,7.722500
a,v,8.618718,7.723500
a,v,8.619717,7.724500
a,v,8.620717,7.725500
a,v,8.621717,7.726500
a,v,8.622717,7.727500
a,v,8.623717,7.728500
a,v,8.624717,7.729500
a,v,8.625716,7.730500
a,v,8.626716,7.731500
a,v,8.627716,7.732500
a,v,8.628716,7.733500
a,v,8.629716,7.734500
a,v,8.630716,7.735500
a,v,8.631715,7.736500
a,v,8.632715,7.737500
a,v,8.633715,7.738500
a,v,8.634715,7.739500
a,v,8.635715,7.740500
a,v,8.636715,7.741500
a,v,8.637714,7.742500
a,v,8.638714,7.743500
a,v,8.639714,7.744500
a,v,8.640714,7.745500
a,v,8.641714,7.746500
a,v,8.642714,7.747500
a,v,8.643713,7.748500
a,v,8.644713,7.749500
a,v,8.645713,7.750500
a,v,8.646713,7.751500
a,v,8.647713,7.752500
a,v,8.648713,7.753500
a,v,8.649712,7.754500
a,v,8.650712,7.755500
a,v,8.651712,7.756500
a,v,8.652712,7.757500
a,v,8.653712,7.758500
a,v,8.654712,7.759500
a,v,8.655711,7.760500
a,v,8.656711,7.761500
a,v,8.657711,7.762500
a,v,8.658711,7.763500
a,v,8.659711,7.764500
a,v,8.660711,7.765500
a,v,8.661710,7.766500
a,v,8.662710,7.767500
a,v,8.663710,7.768500
a,v,8.664710,7.769500
a,v,8.665710,7.770500
a,v,8.666710,7.771500
a,v,8.667709,7.772500
a,v,8.668709,7.773500
a,v,8.669709,7.774500
a,v,8.670709,7.775500
a,v,8.671709,7.776500
a,v,8.672709,7.777500
a,v,8.673709,7.778500
a,v,8.674708,7.779500
a,v,8.675708,7.780500
a,v,8.676708,7.781500
a,v,8.677708,7.782500
a,v,8.678708,7.783500
a,v,8.679708,7.784500
a,v,8.680707,7.785500
a,v,8.681707,7.786500
a,v,8.682707,7.787500
a,v,8.683707,7.788500
a,v,8.684707,7.789500
a,v,8.685707,7.790500
a,v,8.686706,7.791500
a,v,8.687706,7.792500
a,v,8.688706,7.793500
a,v,8.689706,7.794500
a,v,8.690706,7.795500
a,v,8.691706,7.796500
a,v,8.692705,7.797500
a,v,8.693705,7.798500
a,v,8.694705,7.799500
a,v,8.695705,7.800500
a,v,8.696705,7.801500
a,v,8.697705,7.802500
a,v,8.698705,7.803500
a,v,8.699704,7.804500
a,v,8.700704,7.805500
a,v,8.701704,7.806500
a,v,8.702704,7.807500
a,v,8.703704,7.808500
a,v,8.704704,7.809500
a,v,8.705703,7.810500
a,v,8.706703,7.811500
a,v,8.707703,7.812500
a,v,8.708703,7.813500
a,v,8.709703,7.814500
a,v,8.710703,7.815500
a,v,8.711703,7.816500
a,v,8.712702,7.817500
a,v,8.713702,7.818500
a,v,8.714702,7.819500
a,v,8.715702,7.820500
a,v,8.716702,7.821500
a,v,8.717702,7.822500
a,v,8.718701,7.823500
a,v,8.719701,7.824500
a,v,8.720701,7.825500
a,v,8.721701,7.826500
a,v,8.722701,7.827500
a,v,8.723701,7.828500
a,v,8.724701,7.829500
a,v,8.725700,7.830500
a,v,8.726700,7.831500
a,v,8.727700,7.832500
a,v,8.728700,7.833500
a,v,8.729700,7.834500
a,v,8.730700,7.835500
a,v,8.731700,7.836500
a,v,8.732699,7.837500
a,v,8.733699,7.838500
a,v,8.734699,7.839500
a,v,8.735699,7.840500
a,v,8.736699,7.841500
a,v,8.737699,7.842500
a,v,8.738698,7.843500
a,v,8.739698,7.844500
a,v,8.740698,7.845500
a,v,8.741698,7.846500
a,v,8.742698,7.847500
a,v,8.743698,7.848500
a,v,8.744698,7.849500
a,v,8.745697,7.850500
a,v,8.746697,7.851500
a,v,8.747697,7.852500
a,v,8.748697,7.853500
a,v,8.749697,7.854500
a,v,8.750697,7.855500
a,v,8.751697,7.856500
a,v,8.752696,7.857500
a,v,8.753696,7.858500
a,v,8.754696,7.859500
a,v,8.755696,7.860500
a,v,8.756696,7.861500
a,v,8.757696,7.862500
a,v,8.758696,7.863500
a,v,8.759695,7.864500
a,v,8.760695,7.865500
a,v,8.761695,7.866500
a,v,8.762695,7.867500
a,v,8.763695,7.868500
a,v,8.764695,7.869500
a,v,8.765695,7.870500
a,v,8.766694,7.871500
a,v,8.767694,7.872500
a,v,8.768694,7.873500
a,v,8.769694,7.874500
a,v,8.770694,7.875500
a,v,8.771694,7.876500
a,v,8.772694,7.877500
a,v,8.773693,7.878500
a,v,8.774693,7.879500
a,v,8.775693,7.880500
a,v,8.776693,7.881500
a,v,8.777693,7.882500
a,v,8.778693,7.883500
a,v,8.779693,7.884500
a,v,8.780692,7.885500
a,v,8.781692,7.886500
a,v,8.782692,7.887500
a,v,8.783692,7.888500
a,v,8.784692,7.889500
a,v,8.785692,7.890500
a,v,8.786692,7.891500
a,v,8.787691,7.892500
a,v,8.788691,7.893500
a,v,8.789691,7.894500
a,v,8.790691,7.895500
a,v,8.791691,7.896500
a,v,8.792691,7.897500
a,v,8.793691,7.898500
a,v,8.794691,7.899500
a,v,8.795690,7.900500
a,v,8.796690,7.901500
a,v,8.797690,7.902500
a,v,8.798690,7.903500
a,v,8.799690,7.904500
a,v,8.800690,7.905500
a,v,8.801690,7.906500
a,v,8.802689,7.907500
a,v,8.803689,7.908500
a,v,8.804689,7.909500
a,v,8.805689,7.910500
a,v,8.806689,7.911500
a,v,8.807689,7.912500
a,v,8.808689,7.913500
a,v,8.809688,7.914500
a,v,8.810688,7.915500
a,v,8.811688,7.916500
a,v,8.812688,7.917500
a,v,8.813688,7.918500
a,v,8.814688,7.919500
a,v,8.815688,7.920500
a,v,8.816688,7.921500
a,v,8.817687,7.922500
a,v,8.818687,7.923500
a,v,8.819687,7.924500
a,v,8.820687,7.925500
a,v,8.821687,7.926500
a,v,8.822687,7.927500
a,v,8.823687,7.928500
a,v,8.824686,7.929500
a,v,8.825686,7.930500
a,v,8.826686,7.931500
a,v,8.827686,7.932500
a,v,8.828686,7.933500
a,v,8.829686,7.934500
a,v,8.830686,7.935500
a,v,8.831686,7.936500
a,v,8.832685,7.937500
a,v,8.833685,7.938500
a,v,8.834685,7.939500
a,v,8.835685,7.940500
a,v,8.836685,7.941500
a,v,8.837685,7.942500
a,v,8.838685,7.943500
a,v,8.839684,7.944500
a,v,8.840684,7.945500
a,v,8.841684,7.946500
a,v,8.842684,7.947500
a,v,8.843684,7.948500
a,v,8.844684,7.949500
a,v,8.845684,7.950500
a,v,8.846684,7.951500
a,v,8.847683,7.952500
a,v,8.848683,7.953500
a,v,8.849683,7.954500
a,v,8.850683,7.955500
a,v,8.851683,7.956500
a,v,8.852683,7.957500
a,v,8.853683,7.958500
a,v,8.854683,7.959500
a,v,8.855682,7.960500
a,v,8.856682,7.961500
a,v,8.857682,7.962500
a,v,8.858682,7.963500
a,v,8.859682,7.964500
a,v,8.860682,7.965500
a,v,8.861682,7.966500
a,v,8.862682,7.967500
a,v,8.863681,7.968500
a,v,8.864681,7.969500
a,v,8.865681,7.970500
a,v,8.866681,7.971500
a,v,8.867681,7.972500
a,v,8.868681,7.973500
a,v,8.869681,7.974500
a,v,8.870681,7.975500
a,v,8.871680,7.976500
a,v,8.872680,7.977500
a,v,8.873680,7.978500
a,v,8.874680,7.979500
a,v,8.875680,7.980500
a,v,8.876680,7.981500
a,v,8.877680,7.982500
a,v,8.878680,7.983500
a,v,8.879679,7.984500
a,v,8.880679,7.985500
a,v,8.881679,7.986500
a,v,8.882679,7.987500
a,v,8.883679,7.988500
a,v,8.884679,7.989500
a,v,8.885679,7.990500
a,v,8.886679,7.991500
a,v,8.887678,7.992500
a,v,8.888678,7.993500
a,v,8.889678,7.994500
a,v,8.890678,7.995500
a,v,8.891678,7.996500
a,v,8.892678,7.997500
a,v,8.893678,7.998500
a,v,8.894678,7.999500
a,v,8.895678,8.000500
a,v,8.896677,8.001500
a,v,8.897677,8.002500
a,v,8.898677,8.003500
a,v,8.899677,8.004500
a,v,8.900677,8.005500
a,v,8.901677,8.006500
a,v,8.902677,8.007500
a,v,8.903677,8.008500
a,v,8.904676,8.009500
a,v,8.905676,8.010500
a,v,8.906676,8.011500
a,v,8.907676,8.012500
a,v,8.908676,8.013500
a,v,8.909676,8.014500
a,v,8.910676,8.015500
a,v,8.911676,8.016500
a,v,8.912675,8.017500
a,v,8.913675,8.018500
a,v,8.914675,8.019500
a,v,8.915675,8.020500
a,v,8.916675,8.021500
a,v,8.917675,8.022500
a,v,8.918675,8.023500
a,v,8.919675,8.024500
a,v,8.920675,8.025500
a,v,8.921674,8.026500
a,v,8.922674,8.027500
a,v,8.923674,8.028500
a,v,8.924674,8.029500
a,v,8.925674,8.030500
a,v,8.926674,8.031500
a,v,8.927674,8.032500
a,v,8.928674,8.033500
a,v,8.929674,8.034500
a,v,8.930673,8.035500
a,v,8.931673,8.036500
a,v,8.932673,8.037500
a,v,8.933673,8.038500
a,v,8.934673,8.039500
a,v,8.935673,8.040500
a,v,8.936673,8.041500
a,v,8.937673,8.042500
a,v,8.938673,8.043500
a,v,8.939672,8.044500
a,v,8.940672,8.045500
a,v,8.941672,8.046500
a,v,8.942672,8.047500
a,v,8.943672,8.048500
a,v,8.944672,8.049500
a,v,8.945672,8.050500
a,v,8.946672,8.051500
a,v,8.947672,8.052500
a,v,8.948671,8.053500
a,v,8.949671,8.054500
a,v,8.950671,8.055500
a,v,8.951671,8.056500
a,v,8.952671,8.057500
a,v,8.953671,8.058500
a,v,8.954671,8.059500
a,v,8.955671,8.060500
a,v,8.956671,8.061500
a,v,8.957670,8.062500
a,v,8.958670,8.063500
a,v,8.959670,8.064500
a,v,8.960670,8.065500
a,v,8.961670,8.066500
a,v,8.962670,8.067500
a,v,8.963670,8.068500
a,v,8.964670,8.069500
a,v,8.965670,8.070500
a,v,8.966669,8.071500
a,v,8.967669,8.072500
a,v,8.968669,8.073500
a,v,8.969669,8.074500
a,v,8.970669,8.075500
a,v,8.971669,8.076500
a,v,8.972669,8.077500
a,v,8.973669,8.078500
a,v,8.974669,8.079500
a,v,8.975668,8.080500
a,v,8.976668,8.081500
a,v,8.977668,8.082500
a,v,8.978668,8.083500
a,v,8.979668,8.084500
a,v,8.980668,8.085500
a,v,8.981668,8.086500
a,v,8.982668,8.087500
a,v,8.983668,8.088500
a,v,8.984667,8.089500
a,v,8.985667,8.090500
a,v,8.986667,8.091500
a,v,8.987667,8.092500
a,v,8.988667,8.093500
a,v,8.989667,8.094500
a,v,8.990667,8.095500
a,v,8.991667,8.096500
a,v,8.992667,8.097500
a,v,8.993667,8.098500
a,v,8.994666,8.099500
a,v,8.995666,8.100500
a,v,8.996666,8.101500
a,v,8.997666,8.102500
a,v,8.998666,8.103500
a,v,8.999666,8.104500
a,v,9.000666,8.105500
a,v,9.001666,8.106500
a,v,9.002666,8.107500
a,v,9.003666,8.108500
a,v,9.004665,8.109500
a,v,9.005665,8.110500
a,v,9.006665,8.111500
a,v,9.007665,8.112500
a,v,9.008665,8.113500
a,v,9.009665,8.114500
a,v,9.010665,8.115500
a,v,9.011665,8.116500
a,v,9.012665,8.117500
a,v,9.013665,8.118500
a,v,9.014664,8.119500
a,v,9.015664,8.120500
a,v,9.016664,8.121500
a,v,9.017664,8.122500
a,v,9.018664,8.123500
a,v,9.019664,8.124500
a,v,9.020664,8.125500
a,v,9.021664,8.126500
a,v,9.022664,8.127500
a,v,9.023664,8.128500
a,v,9.024663,8.129500
a,v,9.025663,8.130500
a,v,9.026663,8.131500
a,v,9.027663,8.132500
a,v,9.028663,8.133500
a,v,9.029663,8.134500
a,v,9.030663,8.135500
a,v,9.031663,8.136500
a,v,9.032663,8.137500
a,v,9.033663,8.138500
a,v,9.034662,8.139500
a,v,9.035662,8.140500
a,v,9.036662,8.141500
a,v,9.037662,8.142500
a,v,9.038662,8.143500
a,v,9.039662,8.144500
a,v,9.040662,8.145500
a,v,9.041662,8.146500
a,v,9.042662,8.147500
a,v,9.043662,8.148500
a,v,9.044661,8.149500
a,v,9.045661,8.150500
a,v,9.046661,8.151500
a,v,9.047661,8.152500
a,v,9.048661,8.153500
a,v,9.049661,8.154500
a,v,9.050661,8.155500
a,v,9.051661,8.156500
a,v,9.052661,8.157500
a,v,9.053661,8.158500
a,v,9.054661,8.159500
a,v,9.055660,8.160500
a,v,9.056660,8.161500
a,v,9.057660,8.162500
a,v,9.058660,8.163500
a,v,9.059660,8.164500
a,v,9.060660,8.165500
a,v,9.061660,8.166500
a,v,9.062660,8.167500
a,v,9.063660,8.168500
a,v,9.064660,8.169500
a,v,9.065659,8.170500
a,v,9.066659,8.171500
a,v,9.067659,8.172500
a,v,9.068659,8.173500
a,v,9.069659,8.174500
a,v,9.070659,8.175500
a,v,9.071659,8.176500
a,v,9.072659,8.177500
a,v,9.073659,8.178500
a,v,9.074659,8.179500
a,v,9.075659,8.180500
a,v,9.076658,8.181500
a,v,9.077658,8.182500
a,v,9.078658,8.183500
a,v,9.079658,8.184500
a,v,9.080658,8.185500
a,v,9.081658,8.186500
a,v,9.082658,8.187500
a,v,9.083658,8.188500
a,v,9.084658,8.189500
a,v,9.085658,8.190500
a,v,9.086658,8.191500
a,v,9.087657,8.192500
a,v,9.088657,8.193500
a,v,9.089657,8.194500
a,v,9.090657,8.195500
a,v,9.091657,8.196500
a,v,9.092657,8.197500
a,v,9.093657,8.198500
a,v,9.094657,8.199500
a,v,9.095657,8.200500
a,v,9.096657,8.201500
a,v,9.097657,8.202500
a,v,9.098657,8.203500
a,v,9.099656,8.204500
a,v,9.100656,8.205500
a,v,9.101656,8.206500
a,v,9.102656,8.207500
a,v,9.103656,8.208500
a,v,9.104656,8.209500
a,v,9.105656,8.210500
a,v,9.106656,8.211500
a,v,9.107656,8.212500
a,v,9.108656,8.213500
a,v,9.109656,8.214500
a,v,9.110655,8.215500
a,v,9.111655,8.216500
a,v,9.112655,8.217500
a,v,9.113655,8.218500
a,v,9.114655,8.219500
a,v,9.115655,8.220500
a,v,9.116655,8.221500
a,v,9.117655,8.222500
a,v,9.118655,8.223500
a,v,9.119655,8.224500
a,v,9.120655,8.225500
a,v,9.121655,8.226500
a,v,9.122654,8.227500
a,v,9.123654,8.228500
a,v,9.124654,8.229500
a,v,9.125654,8.230500
a,v,9.126654,8.231500
a,v,9.127654,8.232500
a,v,9.128654,8.233500
a,v,9.129654,8.234500
a,v,9.130654,8.235500
a,v,9.131654,8.236500
a,v,9.132654,8.237500
a,v,9.133654,8.238500
a,v,9.134653,8.239500
a,v,9.135653,8.240500
a,v,9.136653,8.241500
a,v,9.137653,8.242500
a,v,9.138653,8.243500
a,v,9.139653,8.244500
a,v,9.140653,8.245500
a,v,9.141653,8.246500
a,v,9.142653,8.247500
a,v,9.143653,8.248500
a,v,9.144653,8.249500
a,v,9.145653,8.250500
a,v,9.146652,8.251500
a,v,9.147652,8.252500
a,v,9.148652,8.253500
a,v,9.149652,8.254500
a,v,9.150652,8.255500
a,v,9.151652,8.256500
a,v,9.152652,8.257500
a,v,9.153652,8.258500
a,v,9.154652,8.259500
a,v,9.155652,8.260500
a,v,9.156652,8.261500
a,v,9.157652,8.262500
a,v,9.158652,8.263500
a,v,9.159651,8.264500
a,v,9.160651,8.265500
a,v,9.161651,8.266500
a,v,9.162651,8.267500
a,v,9.163651,8.268500
a,v,9.164651,8.269500
a,v,9.165651,8.270500
a,v,9.166651,8.271500
a,v,9.167651,8.272500
a,v,9.168651,8.273500
a,v,9.169651,8.274500
a,v,9.170651,8.275500
a,v,9.171650,8.276500
a,v,9.172650,8.277500
a,v,9.173650,8.278500
a,v,9.174650,8.279500
a,v,9.175650,8.280500
a,v,9.176650,8.281500
a,v,9.177650,8.282500
a,v,9.178650,8.283500
a,v,9.179650,8.284500
a,v,9.180650,8.285500
a,v,9.181650,8.286500
a,v,9.182650,8.287500
a,v,9.183650,8.288500
a,v,9.184649,8.289500
a,v,9.185649,8.290500
a,v,9.186649,8.291500
a,v,9.187649,8.292500
a,v,9.188649,8.293500
a,v,9.189649,8.294500
a,v,9.190649,8.295500
a,v,9.191649,8.296500
a,v,9.192649,8.297500
a,v,9.193649,8.298500
a,v,9.194649,8.299500
a,v,9.195649,8.300500
a,v,9.196649,8.301500
a,v,9.197649,8.302500
a,v,9.198648,8.303500
a,v,9.199648,8.304500
a,v,9.200648,8.305500
a,v,9.201648,8.306500
a,v,9.202648,8.307500
a,v,9.203648,8.308500
a,v,9.204648,8.309500
a,v,9.205648,8.310500
a,v,9.206648,8.311500
a,v,9.207648,8.312500
a,v,9.208648,8.313500
a,v,9.209648,8.314500
a,v,9.210648,8.315500
a,v,9.211648,8.316500
a,v,9.212647,8.317500
a,v,9.213647,8.318500
a,v,9.214647,8.319500
a,v,9.215647,8.320500
a,v,9.216647,8.321500
a,v,9.217647,8.322500
a,v,9.218647,8.323500
a,v,9.219647,8.324500
a,v,9.220647,8.325500
a,v,9.221647,8.326500
a,v,9.222647,8.327500
a,v,9.223647,8.328500
a,v,9.224647,8.329500
a,v,9.225647,8.330500
a,v,9.226646,8.331500
a,v,9.227646,8.332500
a,v,9.228646,8.333500
a,v,9.229646,8.334500
a,v,9.230646,8.335500
a,v,9.231646,8.336500
a,v,9.232646,8.337500
a,v,9.233646,8.338500
a,v,9.234646,8.339500
a,v,9.235646,8.340500
a,v,9.236646,8.341500
a,v,9.237646,8.342500
a,v,9.238646,8.343500
a,v,9.239646,8.344500
a,v,9.240646,8.345500
a,v,9.241645,8.346500
a,v,9.242645,8.347500
a,v,9.243645,8.348500
a,v,9.244645,8.349500
a,v,9.245645,8.350500
a,v,9.246645,8.351500
a,v,9.247645,8.352500
a,v,9.248645,8.353500
a,v,9.249645,8.354500
a,v,9.250645,8.355500
a,v,9.251645,8.356500
a,v,9.252645,8.357500
a,v,9.253645,8.358500
a,v,9.254645,8.359500
a,v,9.255645,8.360500
a,v,9.256644,8.361500
a,v,9.257644,8.362500
a,v,9.258644,8.363500
a,v,9.259644,8.364500
a,v,9.260644,8.365500
a,v,9.261644,8.366500
a,v,9.262644,8.367500
a,v,9.263644,8.368500
a,v,9.264644,8.369500
a,v,9.265644,8.370500
a,v,9.266644,8.371500
a,v,9.267644,8.372500
a,v,9.268644,8.373500
a,v,9.269644,8.374500
a,v,9.270644,8.375500
a,v,9.271643,8.376500
a,v,9.272643,8.377500
a,v,9.273643,8.378500
a,v,9.274643,8.379500
a,v,9.275643,8.380500
a,v,9.276643,8.381500
a,v,9.277643,8.382500
a,v,9.278643,8.383500
a,v,9.279643,8.384500
a,v,9.280643,8.385500
a,v,9.281643,8.386500
a,v,9.282643,8.387500
a,v,9.283643,8.388500
a,v,9.284643,8.389500
a,v,9.285643,8.390500
a,v,9.286643,8.391500
a,v,9.287642,8.392500
a,v,9.288642,8.393500
a,v,9.289642,8.394500
a,v,9.290642,8.395500
a,v,9.291642,8.396500
a,v,9.292642,8.397500
a,v,9.293642,8.398500
a,v,9.294642,8.399500
a,v,9.295642,8.400500
a,v,9.296642,8.401500
a,v,9.297642,8.402500
a,v,9.298642,8.403500
a,v,9.299642,8.404500
a,v,9.300642,8.405500
a,v,9.301642,8.406500
a,v,9.302642,8.407500
a,v,9.303642,8.408500
a,v,9.304641,8.409500
a,v,9.305641,8.410500
a,v,9.306641,8.411500
a,v,9.307641,8.412500
a,v,9.308641,8.413500
a,v,9.309641,8.414500
a,v,9.310641,8.415500
a,v,9.311641,8.416500
a,v,9.312641,8.417500
a,v,9.313641,8.418500
a,v,9.314641,8.419500
a,v,9.315641,8.420500
a,v,9.316641,8.421500
a,v,9.317641,8.422500
a,v,9.318641,8.423500
a,v,9.319641,8.424500
a,v,9.320641,8.425500
a,v,9.321640,8.426500
a,v,9.322640,8.427500
a,v,9.323640,8.428500
a,v,9.324640,8.429500
a,v,9.325640,8.430500
a,v,9.326640,8.431500
a,v,9.327640,8.432500
a,v,9.328640,8.433500
a,v,9.329640,8.434500
a,v,9.330640,8.435500
a,v,9.331640,8.436500
a,v,9.332640,8.437500
a,v,9.333640,8.438500
a,v,9.334640,8.439500
a,v,9.335640,8.440500
a,v,9.336640,8.441500
a,v,9.337640,8.442500
a,v,9.338640,8.443500
a,v,9.339639,8.444500
a,v,9.340639,8.445500
a,v,9.341639,8.446500
a,v,9.342639,8.447500
a,v,9.343639,8.448500
a,v,9.344639,8.449500
a,v,9.345639,8.450500
a,v,9.346639,8.451500
a,v,9.347639,8.452500
a,v,9.348639,8.453500
a,v,9.349639,8.454500
a,v,9.350639,8.455500
a,v,9.351639,8.456500
a,v,9.352639,8.457500
a,v,9.353639,8.458500
a,v,9.354639,8.459500
a,v,9.355639,8.460500
a,v,9.356639,8.461500
a,v,9.357639,8.462500
a,v,9.358638,8.463500
a,v,9.359638,8.464500
a,v,9.360638,8.465500
a,v,9.361638,8.466500
a,v,9.362638,8.467500
a,v,9.363638,8.468500
a,v,9.364638,8.469500
a,v,9.365638,8.470500
a,v,9.366638,8.471500
a,v,9.367638,8.472500
a,v,9.368638,8.473500
a,v,9.369638,8.474500
a,v,9.370638,8.475500
a,v,9.371638,8.476500
a,v,9.372638,8.477500
a,v,9.373638,8.478500
a,v,9.374638,8.479500
a,v,9.375638,8.480500
a,v,9.376638,8.481500
a,v,9.377638,8.482500
a,v,9.378637,8.483500
a,v,9.379637,8.484500
a,v,9.380637,8.485500
a,v,9.381637,8.486500
a,v,9.382637,8.487500
a,v,9.383637,8.488500
a,v,9.384637,8.489500
a,v,9.385637,8.490500
a,v,9.386637,8.491500
a,v,9.387637,8.492500
a,v,9.388637,8.493500
a,v,9.389637,8.494500
a,v,9.390637,8.495500
a,v,9.391637,8.496500
a,v,9.392637,8.497500
a,v,9.393637,8.498500
a,v,9.394637,8.499500
a,v,9.395637,8.500500
a,v,9.396637,8.501500
a,v,9.397637,8.502500
a,v,9.398637,8.503500
a,v,9.399636,8.504500
a,v,9.400636,8.505500
a,v,9.401636,8.506500
a,v,9.402636,8.507500
a,v,9.403636,8.508500
a,v,9.404636,8.509500
a,v,9.405636,8.510500
a,v,9.406636,8.511500
a,v,9.407636,8.512500
a,v,9.408636,8.513500
a,v,9.409636,8.514500
a,v,9.410636,8.515500
a,v,9.411636,8.516500
a,v,9.412636,8.517500
a,v,9.413636,8.518500
a,v,9.414636,8.519500
a,v,9.415636,8.520500
a,v,9.416636,8.521500
a,v,9.417636,8.522500
a,v,9.418636,8.523500
a,v,9.419636,8.524500
a,v,9.420636,8.525500
a,v,9.421635,8.526500
a,v,9.422635,8.527500
a,v,9.423635,8.528500
a,v,9.424635,8.529500
a,v,9.425635,8.530500
a,v,9.426635,8.531500
a,v,9.427635,8.532500
a,v,9.428635,8.533500
a,v,9.429635,8.534500
a,v,9.430635,8.535500
a,v,9.431635,8.536500
a,v,9.432635,8.537500
a,v,9.433635,8.538500
a,v,9.434635,8.539500
a,v,9.435635,8.540500
a,v,9.436635,8.541500
a,v,9.437635,8.542500
a,v,9.438635,8.543500
a,v,9.439635,8.544500
a,v,9.440635,8.545500
a,v,9.441635,8.546500
a,v,9.442635,8.547500
a,v,9.443635,8.548500
a,v,9.444634,8.549500
a,v,9.445634,8.550500
a,v,9.446634,8.551500
a,v,9.447634,8.552500
a,v,9.448634,8.553500
a,v,9.449634,8.554500
a,v,9.450634,8.555500
a,v,9.451634,8.556500
a,v,9.452634,8.557500
a,v,9.453634,8.558500
a,v,9.454634,8.559500
a,v,9.455634,8.560500
a,v,9.456634,8.561500
a,v,9.457634,8.562500
a,v,9.458634,8.563500
a,v,9.459634,8.564500
a,v,9.460634,8.565500
a,v,9.461634,8.566500
a,v,9.462634,8.567500
a,v,9.463634,8.568500
a,v,9.464634,8.569500
a,v,9.465634,8.570500
a,v,9.466634,8.571500
a,v,9.467634,8.572500
a,v,9.468634,8.573500
a,v,9.469633,8.574500
a,v,9.470633,8.575500
a,v,9.471633,8.576500
a,v,9.472633,8.577500
a,v,9.473633,8.578500
a,v,9.474633,8.579500
a,v,9.475633,8.580500
a,v,9.476633,8.581500
a,v,9.477633,8.582500
a,v,9.478633,8.583500
a,v,9.479633,8.584500
a,v,9.480633,8.585500
a,v,9.481633,8.586500
a,v,9.482633,8.587500
a,v,9.483633,8.588500
a,v,9.484633,8.589500
a,v,9.485633,8.590500
a,v,9.486633,8.591500
a,v,9.487633,8.592500
a,v,9.488633,8.593500
a,v,9.489633,8.594500
a,v,9.490633,8.595500
a,v,9.491633,8.596500
a,v,9.492633,8.597500
a,v,9.493633,8.598500
a,v,9.494633,8.599500
a,v,9.495633,8.600500
a,v,9.496632,8.601500
a,v,9.497632,8.602500
a,v,9.498632,8.603500
a,v,9.499632,8.604500
a,v,9.500632,8.605500
a,v,9.501632,8.606500
a,v,9.502632,8.607500
a,v,9.503632,8.608500
a,v,9.504632,8.609500
a,v,9.505632,8.610500
a,v,9.506632,8.611500
a,v,9.507632,8.612500
a,v,9.508632,8.613500
a,v,9.509632,8.614500
a,v,9.510632,8.615500
a,v,9.511632,8.616500
a,v,9.512632,8.617500
a,v,9.513632,8.618500
a,v,9.514632,8.619500
a,v,9.515632,8.620500
a,v,9.516632,8.621500
a,v,9.517632,8.622500
a,v,9.518632,8.623500
a,v,9.519632,8.624500
a,v,9.520632,8.625500
a,v,9.521632,8.626500
a,v,9.522632,8.627500
a,v,9.523632,8.628500
a,v,9.524632,8.629500
a,v,9.525632,8.630500
a,v,9.526632,8.631500
a,v,9.527631,8.632500
a,v,9.528631,8.633500
a,v,9.529631,8.634500
a,v,9.530631,8.635500
a,v,9.531631,8.636500
a,v,9.532631,8.637500
a,v,9.533631,8.638500
a,v,9.534631,8.639500
a,v,9.535631,8.640500
a,v,9.536631,8.641500
a,v,9.537631,8.642500
a,v,9.538631,8.643500
a,v,9.539631,8.644500
a,v,9.540631,8.645500
a,v,9.541631,8.646500
a,v,9.542631,8.647500
a,v,9.543631,8.648500
a,v,9.544631,8.649500
a,v,9.545631,8.650500
a,v,9.546631,8.651500
a,v,9.547631,8.652500
a,v,9.548631,8.653500
a,v,9.549631,8.654500
a,v,9.550631,8.655500
a,v,9.551631,8.656500
a,v,9.552631,8.657500
a,v,9.553631,8.658500
a,v,9.554631,8.659500
a,v,9.555631,8.660500
a,v,9.556631,8.661500
a,v,9.557631,8.662500
a,v,9.558631,8.663500
a,v,9.559631,8.664500
a,v,9.560630,8.665500
a,v,9.561630,8.666500
a,v,9.562630,8.667500
a,v,9.563630,8.668500
a,v,9.564630,8.669500
a,v,9.565630,8.670500
a,v,9.566630,8.671500
a,v,9.567630,8.672500
a,v,9.568630,8.673500
a,v,9.569630,8.674500
a,v,9.570630,8.675500
a,v,9.571630,8.676500
a,v,9.572630,8.677500
a,v,9.573630,8.678500
a,v,9.574630,8.679500
a,v,9.575630,8.680500
a,v,9.576630,8.681500
a,v,9.577630,8.682500
a,v,9.578630,8.683500
a,v,9.579630,8.684500
a,v,9.580630,8.685500
a,v,9.581630,8.686500
a,v,9.582630,8.687500
a,v,9.583630,8.688500
a,v,9.584630,8.689500
a,v,9.585630,8.690500
a,v,9.586630,8.691500
a,v,9.587630,8.692500
a,v,9.588630,8.693500
a,v,9.589630,8.694500
a,v,9.590630,8.695500
a,v,9.591630,8.696500
a,v,9.592630,8.697500
a,v,9.593630,8.698500
a,v,9.594630,8.699500
a,v,9.595630,8.700500
a,v,9.596630,8.701500
a,v,9.597630,8.702500
a,v,9.598630,8.703500
a,v,9.599630,8.704500
a,v,9.600629,8.705500
a,v,9.601629,8.706500
a,v,9.602629,8.707500
a,v,9.603629,8.708500
a,v,9.604629,8.709500
a,v,9.605629,8.710500
a,v,9.606629,8.711500
a,v,9.607629,8.712500
a,v,9.608629,8.713500
a,v,9.609629,8.714500
a,v,9.610629,8.715500
a,v,9.611629,8.716500
a,v,9.612629,8.717500
a,v,9.613629,8.718500
a,v,9.614629,8.719500
a,v,9.615629,8.720500
a,v,9.616629,8.721500
a,v,9.617629,8.722500
a,v,9.618629,8.723500
a,v,9.619629,8.724500
a,v,9.620629,8.725500
a,v,9.621629,8.726500
a,v,9.622629,8.727500
a,v,9.623629,8.728500
a,v,9.624629,8.729500
a,v,9.625629,8.730500
a,v,9.626629,8.731500
a,v,9.627629,8.732500
a,v,9.628629,8.733500
a,v,9.629629,8.734500
a,v,9.630629,8.735500
a,v,9.631629,8.736500
a,v,9.632629,8.737500
a,v,9.633629,8.738500
a,v,9.634629,8.739500
a,v,9.635629,8.740500
a,v,9.636629,8.741500
a,v,9.637629,8.742500
a,v,9.638629,8.743500
a,v,9.639629,8.744500
a,v,9.640629,8.745500
a,v,9.641629,8.746500
a,v,9.642629,8.747500
a,v,9.643629,8.748500
a,v,9.644629,8.749500
a,v,9.645629,8.750500
a,v,9.646629,8.751500
a,v,9.647629,8.752500
a,v,9.648628,8.753500
a,v,9.649628,8.754500
a,v,9.650628,8.755500
a,v,9.651628,8.756500
a,v,9.652628,8.757500
a,v,9.653628,8.758500
a,v,9.654628,8.759500
a,v,9.655628,8.760500
a,v,9.656628,8.761500
a,v,9.657628,8.762500
a,v,9.658628,8.763500
a,v,9.659628,8.764500
a,v,9.660628,8.765500
a,v,9.661628,8.766500
a,v,9.662628,8.767500
a,v,9.663628,8.768500
a,v,9.664628,8.769500
a,v,9.665628,8.770500
a,v,9.666628,8.771500
a,v,9.667628,8.772500
a,v,9.668628,8.773500
a,v,9.669628,8.774500
a,v,9.670628,8.775500
a,v,9.671628,8.776500
a,v,9.672628,8.777500
a,v,9.673628,8.778500
a,v,9.674628,8.779500
a,v,9.675628,8.780500
a,v,9.676628,8.781500
a,v,9.677628,8.782500
a,v,9.678628,8.783500
a,v,9.679628,8.784500
a,v,9.680628,8.785500
a,v,9.681628,8.786500
a,v,9.682628,8.787500
a,v,9.683628,8.788500
a,v,9.684628,8.789500
a,v,9.685628,8.790500
a,v,9.686628,8.791500
a,v,9.687628,8.792500
a,v,9.688628,8.793500
a,v,9.689628,8.794500
a,v,9.690628,8.795500
a,v,9.691628,8.796500
a,v,9.692628,8.797500
a,v,9.693628,8.798500
a,v,9.694628,8.799500
a,v,9.695628,8.800500
a,v,9.696628,8.801500
a,v,9.697628,8.802500
a,v,9.698628,8.803500
a,v,9.699628,8.804500
a,v,9.700628,8.805500
a,v,9.701628,8.806500
a,v,9.702628,8.807500
a,v,9.703628,8.808500
a,v,9.704628,8.809500
a,v,9.705628,8.810500
a,v,9.706628,8.811500
a,v,9.707628,8.812500
a,v,9.708628,8.813500
a,v,9.709628,8.814500
a,v,9.710628,8.815500
a,v,9.711628,8.816500
a,v,9.712628,8.817500
a,v,9.713628,8.818500
a,v,9.714628,8.819500
a,v,9.715628,8.820500
a,v,9.716628,8.821500
a,v,9.717627,8.822500
a,v,9.718627,8.823500
a,v,9.719627,8.824500
a,v,9.720627,8.825500
a,v,9.721627,8.826500
a,v,9.722627,8.827500
a,v,9.723627,8.828500
a,v,9.724627,8.829500
a,v,9.725627,8.830500
a,v,9.726627,8.831500
a,v,9.727627,8.832500
a,v,9.728627,8.833500
a,v,9.729627,8.834500
a,v,9.730627,8.835500
a,v,9.731627,8.836500
a,v,9.732627,8.837500
a,v,9.733627,8.838500
a,v,9.734627,8.839500
a,v,9.735627,8.840500
a,v,9.736627,8.841500
a,v,9.737627,8.842500
a,v,9.738627,8.843500
a,v,9.739627,8.844500
a,v,9.740627,8.845500
a,v,9.741627,8.846500
a,v,9.742627,8.847500
a,v,9.743627,8.848500
a,v,9.744627,8.849500
a,v,9.745627,8.850500
a,v,9.746627,8.851500
a,v,9.747627,8.852500
a,v,9.748627,8.853500
a,v,9.749627,8.854500
a,v,9.750627,8.855500
a,v,9.751627,8.856500
a,v,9.752627,8.857500
a,v,9.753627,8.858500
a,v,9.754627,8.859500
a,v,9.755627,8.860500
a,v,9.756627,8.861500
a,v,9.757627,8.862500
a,v,9.758627,8.863500
a,v,9.759627,8.864500
a,v,9.760627,8.865500
a,v,9.761627,8.866500
a,v,9.762627,8.867500
a,v,9.763627,8.868500
a,v,9.764627,8.869500
a,v,9.765627,8.870500
a,v,9.766627,8.871500
a,v,9.767627,8.872500
a,v,9.768627,8.873500
a,v,9.769627,8.874500
a,v,9.770627,8.875500
a,v,9.771627,8.876500
a,v,9.772627,8.877500
a,v,9.773627,8.878500
a,v,9.774627,8.879500
a,v,9.775627,8.880500
a,v,9.776627,8.881500
a,v,9.777627,8.882500
a,v,9.778627,8.883500
a,v,9.779627,8.884500
a,v,9.780627,8.885500
a,v,9.781627,8.886500
a,v,9.782627,8.887500
a,v,9.783627,8.888500
a,v,9.784627,8.889500
a,v,9.785627,8.890500
a,v,9.786627,8.891500
a,v,9.787627,8.892500
a,v,9.788627,8.893500
a,v,9.789627,8.894500
a,v,9.790627,8.895500
a,v,9.791627,8.896500
a,v,9.792627,8.897500
a,v,9.793627,8.898500
a,v,9.794627,8.899500
a,v,9.795627,8.900500
a,v,9.796627,8.901500
a,v,9.797627,8.902500
a,v,9.798627,8.903500
a,v,9.799627,8.904500
a,v,9.800627,8.905500
a,v,9.801627,8.906500
a,v,9.802627,8.907500
a,v,9.803627,8.908500
a,v,9.804627,8.909500
a,v,9.805627,8.910500
a,v,9.806627,8.911500
a,v,9.807627,8.912500
a,v,9.808627,8.913500
a,v,9.809627,8.914500
a,v,9.810627,8.915500
a,v,9.811627,8.916500
a,v,9.812627,8.917500
a,v,9.813627,8.918500
a,v,9.814627,8.919500
a,v,9.815627,8.920500
a,v,9.816627,8.921500
a,v,9.817627,8.922500
a,v,9.818627,8.923500
a,v,9.819627,8.924500
a,v,9.820627,8.925500
a,v,9.821627,8.926500
a,v,9.822627,8.927500
a,v,9.823627,8.928500
a,v,9.824627,8.929500
a,v,9.825627,8.930500
a,v,9.826627,8.931500
a,v,9.827627,8.932500
a,v,9.828627,8.933500
a,v,9.829627,8.934500
a,v,9.830627,8.935500
a,v,9.831627,8.936500
a,v,9.832627,8.937500
a,v,9.833627,8.938500
a,v,9.834627,8.939500
a,v,9.835627,8.940500
a,v,9.836627,8.941500
a,v,9.837627,8.942500
a,v,9.838627,8.943500
a,v,9.839627,8.944500
a,v,9.840627,8.945500
a,v,9.841627,8.946500
a,v,9.842627,8.947500
a,v,9.843627,8.948500
a,v,9.844627,8.949500
a,v,9.845627,8.950500
a,v,9.846627,8.951500
a,v,9.847627,8.952500
a,v,9.848627,8.953500
a,v,9.849627,8.954500
a,v,9.850627,8.955500
a,v,9.851627,8.956500
a,v,9.852627,8.957500
a,v,9.853627,8.958500
a,v,9.854627,8.959500
a,v,9.855627,8.960500
a,v,9.856627,8.961500
a,v,9.857627,8.962500
a,v,9.858627,8.963500
a,v,9.859627,8.964500
a,v,9.860627,8.965500
a,v,9.861627,8.966500
a,v,9.862627,8.967500
a,v,9.863627,8.968500
a,v,9.864627,8.969500
a,v,9.865627,8.970500
a,v,9.866627,8.971500
a,v,9.867627,8.972500
a,v,9.868627,8.973500
a,v,9.869627,8.974500
a,v,9.870627,8.975500
a,v,9.871627,8.976500
a,v,9.872627,8.977500
a,v,9.873627,8.978500
a,v,9.874627,8.979500
a,v,9.875627,8.980500
a,v,9.876627,8.981500
a,v,9.877627,8.982500
a,v,9.878627,8.983500
a,v,9.879627,8.984500
a,v,9.880627,8.985500
a,v,9.881627,8.986500
a,v,9.882627,8.987500
a,v,9.883627,8.988500
a,v,9.884627,8.989500
a,v,9.885627,8.990500
a,v,9.886627,8.991500
a,v,9.887627,8.992500
a,v,9.888627,8.993500
a,v,9.889627,8.994500
a,v,9.890627,8.995500
a,v,9.891627,8.996500
a,v,9.892627